Country,SDGi,Life Expectancy,HDI,Per Capita GDP,Region,Income Group,Population,Cropland Footprint,Grazing Footprint,Forest Product Footprint,Carbon Footprint,Fish Footprint,Built up land,Total Ecological Footprint (Production),Cropland Footprint,Grazing Footprint,Forest Product Footprint,Carbon Footprint,Fish Footprint,Built up land,Total Ecological Footprint (Consumption),Cropland,Grazing land,Forest land,Fishing ground,Built up land,Total biocapacity ,Ecological (Deficit) or Reserve,Number of Earths required,Number of Countries required,Year,Other renewables,Biofuels consumption,Solar consumption,Wind consumption,Hydro consumption,Nuclear consumption,Gas consumption,Coal consumption,Oil consumption,CO2 emissions,Urbanization
Afghanistan,51.8,64,0.49,2439.68,Middle East/Central Asia,LI, 38.0 ,0.4,0.2,0.1,0.1,0.0,0.0,0.8,0.5,0.2,0.1,0.2,0.0,0.0,0.9,0.4,0.2,0.0,0.0,0.0,0.6,(0.3),0.6,1.5,2019,#N/A,#N/A,#N/A,#N/A,#N/A,#N/A,#N/A,#N/A,#N/A,10825145,0.26
Albania,71.5,79,0.81,13862.6,Other Europe,UM, 2.9 ,0.6,0.2,0.1,0.6,0.0,0.1,1.6,0.8,0.2,0.2,0.8,0.0,0.1,2.1,0.6,0.2,0.2,0.1,0.1,1.1,(1.0),1.4,1.9,2019,#N/A,#N/A,#N/A,#N/A,#N/A,#N/A,#N/A,#N/A,#N/A,4826944,0.61
Algeria,70.5,76,0.75,11412.2,Africa,UM, 43.1 ,0.4,0.1,0.1,1.2,0.0,0.0,1.8,0.7,0.2,0.2,1.3,0.0,0.0,2.4,0.4,0.2,0.0,0.0,0.0,0.7,(1.7),1.5,3.4,2019,0,0,1.6211231,0.02635972,0.40066776,0,450.54623,4.80319,236.9513,179906580,0.73
Angola,51.0,62,0.60,7034.84,Africa,LM, 31.8 ,0.2,0.1,0.1,0.2,0.1,0.1,0.7,0.3,0.1,0.1,0.4,0.1,0.1,1.0,0.2,0.9,0.5,0.2,0.1,1.7,0.7 ,0.6,0.6,2019,0,0,0,0,0,0,0,0,0,22047118,0.66
Antigua and Barbuda,,79,0.80,22000.2,Central America/Caribbean,HI, 0.1 ,,,,,,,1.5,,,,,,,3.9,,,,,,0.9,(3.0),2.5,4.2,2019,#N/A,#N/A,#N/A,#N/A,#N/A,#N/A,#N/A,#N/A,#N/A,641200,0.25
Argentina,73.0,77,0.85,22066.1,South America,UM, 44.8 ,2.0,0.8,0.2,1.2,0.2,0.1,4.6,1.0,0.5,0.2,1.4,0.1,0.1,3.4,2.0,1.2,0.6,1.6,0.1,5.5,2.1 ,2.2,0.6,2019,4.7105803,17.97012,2.1079817,13.169229,72.50111,21.353771,465.58914,8.123962,321.83243,178508060,0.92
Armenia,70.9,75,0.78,13637.9,Middle East/Central Asia,LM, 3.0 ,0.3,0.2,0.2,0.7,0.0,0.0,1.5,0.6,0.2,0.3,0.9,0.0,0.0,2.1,0.3,0.3,0.1,0.0,0.0,0.8,(1.3),1.4,2.7,2019,#N/A,#N/A,#N/A,#N/A,#N/A,#N/A,#N/A,#N/A,#N/A,6284110,0.63
Australia,75.5,83,0.94,50428.7,Asia-Pacific,HI, 25.2 ,2.0,2.2,1.0,5.2,0.0,0.0,10.4,0.4,0.3,0.9,4.4,0.1,0.0,6.1,2.0,4.6,1.9,2.9,0.0,11.5,5.3 ,4.0,0.5,2019,11.069691,1.5139049,48.229267,51.326828,36.958454,0,440.5704,486.3916,603.7836,415769800,0.86
Austria,82.3,82,0.92,56303.6,EU-28,HI, 9.0 ,0.6,0.1,1.3,2.5,0.0,0.2,4.6,0.9,0.3,0.9,3.5,0.0,0.2,5.8,0.6,0.1,2.0,0.0,0.2,2.9,(2.9),3.7,2.0,2019,14.901927,5.167319,4.48667,19.638197,107.61613,0,89.00441,33.94468,153.20105,67945990,0.59
Azerbaijan,73.0,73,0.76,14501.1,Middle East/Central Asia,UM, 10.0 ,0.6,0.2,0.0,1.1,0.0,0.0,2.0,0.8,0.2,0.1,1.1,0.0,0.0,2.3,0.6,0.2,0.1,0.0,0.0,0.9,(1.4),1.5,2.5,2019,0.31267637,0,0.11651,0.27783138,4.124769,0,117.89236,0.007694444,63.158752,37745604,0.56
Bahrain,,80,0.88,50118.4,Middle East/Central Asia,HI, 1.6 ,0.0,0.0,0.0,7.8,0.1,0.1,8.0,0.6,0.3,0.2,6.7,0.2,0.1,8.1,0.0,0.0,0.0,0.4,0.1,0.5,(7.5),5.2,15.0,2019,0,0,0,0,0,0,0,0,0,37579540,0.89
Bangladesh,63.4,73,0.64,5113.78,Asia-Pacific,LI, 163.0 ,0.1,0.0,0.1,0.2,0.0,0.1,0.5,0.2,0.0,0.1,0.3,0.0,0.1,0.7,0.1,0.0,0.0,0.1,0.1,0.3,(0.5),0.5,2.8,2019,0.011900527,0,0.98593277,0.013393388,2.1696455,0,309.34378,48.06491,121.87268,94808136,0.37
Barbados,69.8,77,0.80,15444.6,Central America/Caribbean,HI, 0.3 ,0.1,0.0,0.0,1.2,0.1,0.1,1.5,0.6,0.3,0.2,1.7,0.4,0.1,3.2,0.1,0.0,0.0,0.0,0.1,0.3,(3.0),2.1,12.5,2019,#N/A,#N/A,#N/A,#N/A,#N/A,#N/A,#N/A,#N/A,#N/A,1428556,0.31
Belarus,75.7,74,0.82,19267,Other Europe,UM, 9.5 ,1.5,0.2,1.6,2.1,0.0,0.1,5.4,1.3,0.1,1.1,2.0,0.1,0.1,4.7,1.5,0.2,1.6,0.0,0.1,3.4,(1.2),3.0,1.4,2019,0.3511425,0.16444445,0.47183916,0.43757138,0.92522633,0,191.64499,15.467899,99.32727,62096344,0.79
Belgium,79.5,82,0.94,52281.6,EU-28,HI, 11.5 ,0.4,0.1,0.3,2.7,0.0,0.4,3.9,1.5,0.4,0.7,4.1,0.1,0.4,7.2,0.4,0.1,0.3,0.0,0.4,1.2,(6.0),4.7,5.9,2019,16.515188,5.419951,11.209473,25.714964,0.7960636,110.091576,173.86896,35.961716,358.85614,99684190,0.98
Belize,65.3,74,0.71,6834.99,Central America/Caribbean,UM, 0.4 ,0.5,0.2,0.2,0.4,5.7,0.0,6.9,0.2,0.3,0.3,1.7,5.6,0.0,8.1,0.5,0.2,1.8,0.9,0.0,3.5,(4.7),5.2,2.3,2019,#N/A,#N/A,#N/A,#N/A,#N/A,#N/A,#N/A,#N/A,#N/A,707152,0.46
Benin,51.3,60,0.53,3283.84,Africa,LI, 11.8 ,0.4,0.0,0.2,0.2,0.1,0.0,1.0,0.5,0.0,0.2,0.3,0.2,0.0,1.3,0.4,0.0,0.2,0.0,0.0,0.7,(0.6),0.8,1.8,2019,#N/A,#N/A,#N/A,#N/A,#N/A,#N/A,#N/A,#N/A,#N/A,5262159,0.48
Bermuda, ,81, , ,North America,HI, 0.1 ,,,,,,,2.5,,,,,,,,,,,,,,,,,2019,#N/A,#N/A,#N/A,#N/A,#N/A,#N/A,#N/A,#N/A,#N/A,593568,1
Bhutan,70.4,71,0.67,11656,Asia-Pacific,LM, 0.8 ,0.3,0.3,2.7,0.6,0.0,0.2,4.1,0.6,0.4,2.8,0.8,0.0,0.2,4.8,0.3,0.3,4.1,0.0,0.2,4.9,0.1 ,3.1,1.0,2019,#N/A,#N/A,#N/A,#N/A,#N/A,#N/A,#N/A,#N/A,#N/A,1618979,0.42
Bolivia,68.1,68,0.72,8757.26,South America,LM, 11.5 ,0.7,1.6,0.2,0.6,0.0,0.1,3.1,0.4,1.6,0.2,0.7,0.0,0.1,3.0,0.7,2.0,11.0,0.0,0.1,13.7,10.8 ,1.9,0.2,2019,0,0,0,0,0,0,0,0,0,22605126,0.7
Bosnia and Herzegovina,71.5,77,0.78,14177,Other Europe,UM, 3.3 ,0.7,0.2,0.8,2.1,0.0,0.0,3.8,1.0,0.4,0.7,1.8,0.3,0.0,4.2,0.7,0.3,1.0,0.0,0.0,2.0,(2.1),2.7,2.1,2019,#N/A,#N/A,#N/A,#N/A,#N/A,#N/A,#N/A,#N/A,#N/A,20810378,0.49
Botswana,61.3,65,0.72,16404.2,Africa,UM, 2.3 ,0.1,0.4,0.1,0.9,0.0,0.0,1.6,0.3,0.1,0.2,1.5,0.0,0.0,2.2,0.1,2.0,0.7,0.2,0.0,3.0,0.8 ,1.4,0.7,2019,#N/A,#N/A,#N/A,#N/A,#N/A,#N/A,#N/A,#N/A,#N/A,6727104,0.7
Brazil,72.7,75,0.77,14799.5,South America,UM, 211.1 ,0.8,0.8,0.7,0.7,0.0,0.2,3.3,0.5,0.6,0.4,0.8,0.1,0.2,2.6,0.8,0.8,6.2,0.2,0.2,8.3,5.7 ,1.7,0.3,2019,175.31865,264.4833,17.541286,147.57654,1048.7928,40.79735,357.33347,179.51239,1301.5947,473389800,0.87
Brunei Darussalam,66.1,75,0.83,60819.1,Asia-Pacific,HI, 0.4 ,0.0,0.0,0.1,5.1,0.2,0.0,5.5,0.5,0.3,0.2,4.4,0.4,0.0,5.9,0.0,0.0,1.4,1.2,0.0,2.7,(3.2),3.8,2.2,2019,#N/A,#N/A,#N/A,#N/A,#N/A,#N/A,#N/A,#N/A,#N/A,#N/A,#N/A
Bulgaria,73.9,75,0.81,23420.9,EU-28,UM, 7.0 ,1.8,0.1,0.5,1.9,0.0,0.1,4.4,1.1,0.2,0.5,1.9,0.1,0.1,3.9,1.8,0.2,1.1,0.1,0.1,3.3,(0.6),2.5,1.2,2019,5.812401,2.0498633,3.7359266,3.4715438,7.7220783,41.87608,28.30875,59.157574,59.417183,42267464,0.75
Burkina Faso,54.7,60,0.45,2178.32,Africa,LI, 20.3 ,0.4,0.1,0.3,0.1,0.0,0.0,0.9,0.4,0.1,0.3,0.1,0.0,0.0,1.0,0.4,0.1,0.2,0.0,0.0,0.8,(0.2),0.6,1.3,2019,#N/A,#N/A,#N/A,#N/A,#N/A,#N/A,#N/A,#N/A,#N/A,5620995,0.3
Burundi,54.0,62,0.43,751.762,Africa,LI, 11.5 ,0.3,0.1,0.2,0.0,0.0,0.1,0.6,0.3,0.1,0.2,0.0,0.0,0.1,0.6,0.3,0.1,0.0,0.0,0.1,0.4,(0.3),0.4,1.7,2019,#N/A,#N/A,#N/A,#N/A,#N/A,#N/A,#N/A,#N/A,#N/A,688832,0.13
Cabo Verde,,76,0.68,7167.75,Africa,LM, 0.6 ,,,,,,,1.3,,,,,,,1.3,,,,,,0.4,(0.8),0.8,2.9,2019,#N/A,#N/A,#N/A,#N/A,#N/A,#N/A,#N/A,#N/A,#N/A,#N/A,#N/A
Cambodia,63.4,71,0.60,4638.22,Asia-Pacific,LI, 16.5 ,,,,,,,1.2,,,,,,,1.4,,,,,,1.0,(0.4),0.9,1.4,2019,#N/A,#N/A,#N/A,#N/A,#N/A,#N/A,#N/A,#N/A,#N/A,18629300,0.24
Cameroon,55.3,62,0.58,3743.72,Africa,LM, 25.9 ,0.6,0.1,0.3,0.1,0.0,0.1,1.1,0.6,0.1,0.2,0.2,0.1,0.1,1.1,0.6,0.1,0.8,0.1,0.1,1.5,0.4 ,0.7,0.7,2019,#N/A,#N/A,#N/A,#N/A,#N/A,#N/A,#N/A,#N/A,#N/A,9605969,0.57
Canada,77.7,82,0.94,49560.8,North America,HI, 37.4 ,2.7,0.3,2.6,5.0,0.2,0.0,10.8,1.4,0.3,1.2,4.9,0.1,0.0,7.9,2.7,0.3,8.2,3.2,0.0,14.5,6.6 ,5.1,0.5,2019,32.902954,24.754562,10.754235,86.6591,1006.336,254.19629,1186.5425,169.15443,1296.5503,582024960,0.81
Central African Republic,39.0,55,0.41,945.181,Africa,LI, 4.7 ,0.4,0.5,0.3,0.0,0.0,0.0,1.2,0.4,0.5,0.2,0.0,0.0,0.0,1.2,0.4,0.5,5.9,0.0,0.0,6.9,5.7 ,0.8,0.2,2019,#N/A,#N/A,#N/A,#N/A,#N/A,#N/A,#N/A,#N/A,#N/A,227168,0.42
Chad,41.4,53,0.40,1594.97,Africa,LI, 15.9 ,0.4,0.9,0.2,0.0,0.0,0.0,1.5,0.4,0.9,0.2,0.0,0.0,0.0,1.5,0.4,0.9,0.3,0.1,0.0,1.6,0.1 ,1.0,1.0,2019,0,0,0,0,0,0,0,0,0,2299469,0.23
Chile,77.7,80,0.86,23916.6,South America,UM, 19.0 ,0.4,0.2,2.0,1.7,0.3,0.1,4.6,0.6,0.5,1.0,1.7,0.1,0.1,4.0,0.4,0.4,2.1,0.4,0.1,3.3,(0.7),2.6,1.2,2019,25.184582,0,16.607224,12.903667,56.51611,0,65.13059,87.08458,210.55196,91977080,0.88
China,72.0,78,0.76,15893,Asia-Pacific,UM, 1.465.6 ,0.3,0.1,0.1,2.6,0.1,0.1,3.2,0.4,0.1,0.2,2.5,0.1,0.1,3.5,0.3,0.1,0.2,0.0,0.1,0.8,(2.7),2.3,4.4,2019,359.75897,36.052834,590.45776,1068.3596,3354.375,882.02563,3083.7683,22922.236,7891.5103,10713984000,0.6
Colombia,70.5,77,0.77,14999.8,South America,UM, 50.3 ,0.5,0.7,0.1,0.5,0.0,0.1,1.9,0.7,0.7,0.1,0.6,0.0,0.1,2.2,0.5,1.1,2.0,0.1,0.1,3.8,1.6 ,1.4,0.6,2019,7.802155,9.618584,0.34810638,0.16690972,143.49442,0,128.70773,53.641968,219.41248,94497930,0.81
Comoros, ,64,0.56,2978.79,Africa,LI, 0.9 ,,,,,,,1.6,,,,,,,2.0,,,,,,0.4,(1.6),1.3,5.5,2019,#N/A,#N/A,#N/A,#N/A,#N/A,#N/A,#N/A,#N/A,#N/A,311440,0.29
Congo,52.9,63,0.57,4496.77,Africa,LM, 5.4 ,0.2,0.0,0.4,0.2,0.1,0.1,1.0,0.3,0.1,0.3,0.3,0.1,0.1,1.1,0.2,2.4,5.4,0.3,0.1,8.4,7.3 ,0.7,0.1,2019,0,0,0,0,0,0,0,0,0,7293597,0.67
"Congo, Democratic Republic of",50.0,60,0.48,1083.95,Africa,LI, 86.8 ,0.2,0.0,0.4,0.0,0.0,0.1,0.7,0.2,0.0,0.4,0.0,0.0,0.1,0.7,0.2,0.2,1.5,0.0,0.1,2.0,1.3 ,0.5,0.4,2019,#N/A,#N/A,#N/A,#N/A,#N/A,#N/A,#N/A,#N/A,#N/A,#N/A,#N/A
Costa Rica,74.0,79,0.82,20271.6,Central America/Caribbean,UM, 5.0 ,0.3,0.3,0.4,0.5,0.1,0.3,1.9,0.4,0.2,0.6,1.0,0.3,0.3,2.8,0.3,0.3,0.7,0.1,0.3,1.6,(1.1),1.8,1.7,2019,#N/A,#N/A,#N/A,#N/A,#N/A,#N/A,#N/A,#N/A,#N/A,7698382,0.8
Côte d'Ivoire, , , , ,Africa,LM, 25.7 ,0.6,0.0,0.2,0.1,0.0,0.0,1.0,0.2,0.1,0.2,0.2,0.2,0.0,0.9,0.6,0.4,0.1,0.0,0.0,1.2,0.3 ,0.6,0.7,2019,#N/A,#N/A,#N/A,#N/A,#N/A,#N/A,#N/A,#N/A,#N/A,#N/A,#N/A
Croatia,78.2,78,0.86,29314.6,Other Europe,HI, 4.1 ,0.7,0.1,0.7,1.4,0.1,0.1,3.1,0.8,0.2,0.7,1.9,0.1,0.1,3.8,0.7,0.1,1.1,0.4,0.1,2.5,(1.3),2.5,1.5,2019,3.0364902,0.72754997,0.21904917,3.867762,15.357438,0,27.981422,4.8999634,39.723515,17830288,0.57
Cuba,74.1,78,0.79,,Central America/Caribbean,UM, 11.3 ,0.6,0.1,0.1,0.7,0.0,0.1,1.6,0.9,0.1,0.1,0.8,0.0,0.1,2.0,0.6,0.1,0.2,0.2,0.1,1.2,(0.9),1.3,1.7,2019,0,0,0,0,0,0,0,0,0,22494244,0.77
Cyprus,73.7,81,0.90,41826.9,EU-28,HI, 1.2 ,,,,,,,2.2,,,,,,,3.6,,,,,,0.4,(3.2),2.3,9.1,2019,0.18489249,0.12489555,0.5753459,0.6288508,0,0,0,0.1943486,30.785168,7344204,0.67
Czech Republic,80.0,79,0.90,41223.2,EU-28,HI, 10.7 ,1.0,0.1,2.0,3.1,0.0,0.1,6.3,1.0,0.3,1.1,3.2,0.0,0.1,5.7,1.0,0.1,1.2,0.0,0.1,2.4,(3.3),3.7,2.3,2019,#N/A,#N/A,#N/A,#N/A,#N/A,#N/A,#N/A,#N/A,#N/A,#N/A,#N/A
Denmark,85.4,81,0.95,57410,EU-28,HI, 5.8 ,1.8,0.0,0.3,1.7,0.4,0.2,4.5,2.1,0.4,1.1,2.8,0.8,0.2,7.3,1.8,0.0,0.4,1.8,0.2,4.3,(3.0),4.7,1.7,2019,18.971735,2.7284744,2.5391517,42.570515,0.044692773,0,28.977777,10.575361,89.638176,30941816,0.88
Djibouti,50.3,63,0.51,5508.43,Africa,LM, 1.0 ,0.0,0.2,0.1,0.3,0.1,0.2,0.9,1.3,0.0,0.3,0.3,0.1,0.2,2.2,0.0,0.2,0.0,0.2,0.2,0.7,(1.5),1.4,3.4,2019,#N/A,#N/A,#N/A,#N/A,#N/A,#N/A,#N/A,#N/A,#N/A,543233,0.78
Dominica,,74,0.73,12922.5,Central America/Caribbean,UM, 0.1 ,,,,,,,1.7,,,,,,,3.0,,,,,,1.0,(2.0),1.9,2.9,2019,#N/A,#N/A,#N/A,#N/A,#N/A,#N/A,#N/A,#N/A,#N/A,172208,0.71
Dominican Republic,70.7,74,0.77,19090.5,Central America/Caribbean,UM, 10.7 ,0.3,0.1,0.0,0.8,0.0,0.1,1.4,0.5,0.1,0.1,1.0,0.1,0.1,1.9,0.3,0.1,0.2,0.0,0.1,0.7,(1.2),1.2,2.7,2019,#N/A,#N/A,#N/A,#N/A,#N/A,#N/A,#N/A,#N/A,#N/A,28374692,0.82
Ecuador,71.9,77,0.76,11440.2,South America,UM, 17.4 ,,,,,,,2.2,,,,,,,1.8,,,,,,1.9,0.1 ,1.2,0.9,2019,1.4515699,0.26871833,0.10016694,0.22544666,64.952995,0,6.922094,0.0995275,137.31258,40061816,0.64
Egypt,67.6,71,0.74,11940.2,Africa,LM, 100.4 ,,,,,,,1.1,,,,,,,1.6,,,,,,0.3,(1.3),1.0,5.1,2019,0,0,3.924963,13.126317,37.11317,0,590.3868,22.94092,383.61386,258741600,0.43
El Salvador,69.7,73,0.68,8795.31,Central America/Caribbean,LM, 6.5 ,0.2,0.1,0.3,0.4,0.2,0.1,1.3,0.4,0.2,0.4,0.7,0.1,0.1,2.0,0.2,0.1,0.1,0.1,0.1,0.6,(1.4),1.3,3.3,2019,#N/A,#N/A,#N/A,#N/A,#N/A,#N/A,#N/A,#N/A,#N/A,7553099,0.73
Equatorial Guinea,,62,0.61,18446.5,Africa,HI, 1.4 ,0.1,0.0,0.7,0.9,0.0,0.0,1.8,0.2,0.0,0.4,0.9,0.1,0.0,1.6,0.1,0.1,2.2,0.5,0.0,2.9,1.2 ,1.1,0.6,2019,0,0,0,0,0,0,0,0,0,5534618,0.73
Eritrea,,67,0.50,1761.13,Africa,LI, 3.5 ,0.1,0.3,0.1,0.1,0.0,0.0,0.7,0.2,0.3,0.1,0.1,0.0,0.0,0.8,0.1,0.3,0.1,1.5,0.0,2.1,1.3 ,0.5,0.4,2019,#N/A,#N/A,#N/A,#N/A,#N/A,#N/A,#N/A,#N/A,#N/A,644997,0.41
Estonia,80.5,79,0.90,36488.5,EU-28,HI, 1.3 ,1.4,0.1,4.7,2.5,0.2,0.1,9.1,1.0,0.2,3.8,2.7,0.1,0.1,7.9,1.4,0.1,3.8,4.3,0.1,9.8,1.9 ,5.1,0.8,2019,4.3509746,0.30089167,0.19374388,1.810913,0.050083607,0,4.660554,35.804756,15.5887375,12288099,0.69
Eswatini,54.6,61,0.62,8910.12,Africa,LM, 1.1 ,0.3,0.4,1.2,0.3,0.0,0.5,2.7,0.4,0.5,0.9,0.7,0.0,0.5,3.1,0.3,0.5,0.0,0.0,0.5,1.4,(1.7),2.0,2.2,2019,#N/A,#N/A,#N/A,#N/A,#N/A,#N/A,#N/A,#N/A,#N/A,1121184,0.24
Ethiopia,56.4,66,0.50,2641.01,Africa,LI, 112.1 ,0.3,0.1,0.4,0.0,0.0,0.0,0.9,0.3,0.1,0.4,0.1,0.0,0.0,0.9,0.3,0.1,0.1,0.0,0.0,0.5,(0.4),0.6,1.9,2019,#N/A,#N/A,#N/A,#N/A,#N/A,#N/A,#N/A,#N/A,#N/A,17235700,0.21
Fiji,73.1,68,0.75,13611.3,Asia-Pacific,UM, 0.9 ,0.6,0.1,0.6,0.6,0.4,0.1,2.5,0.8,0.2,0.7,0.8,0.2,0.1,2.8,0.6,0.1,1.4,0.6,0.1,2.8,0.0 ,1.8,1.0,2019,#N/A,#N/A,#N/A,#N/A,#N/A,#N/A,#N/A,#N/A,#N/A,1355680,0.57
Finland,86.2,82,0.94,48624.1,EU-28,HI, 5.5 ,1.0,0.1,7.5,2.5,0.1,0.1,11.4,1.1,0.2,0.5,3.1,0.2,0.1,5.2,1.0,0.1,8.4,2.3,0.1,11.9,6.7 ,3.4,0.4,2019,42.430965,4.451611,0.38796777,15.881063,32.74003,60.37841,20.338333,41.046944,109.32646,42442000,0.85
France,81.1,83,0.91,47753.5,EU-28,HI, 65.2 ,1.2,0.2,0.4,1.6,0.1,0.2,3.7,1.3,0.3,0.5,2.4,0.2,0.2,4.8,1.2,0.2,1.0,0.1,0.2,2.7,(2.2),3.1,1.8,2019,28.0166,34.181557,30.70351,91.245125,147.68752,1009.28723,436.6204,79.423065,872.3976,315015330,0.81
French Guiana,,,,,South America,, 0.3 ,,,,,,,1.4,,,,,,,1.8,,,,,,91.8,90.0 ,1.2,0.0,2019,#N/A,#N/A,#N/A,#N/A,#N/A,#N/A,#N/A,#N/A,#N/A,#N/A,#N/A
French Polynesia,,83,,,Asia-Pacific,HI, 0.3 ,,,,,,,2.1,,,,,,,3.6,,,,,,1.2,(2.4),2.3,3.1,2019,#N/A,#N/A,#N/A,#N/A,#N/A,#N/A,#N/A,#N/A,#N/A,890352,0.62
Gabon,62.9,67,0.71,15608.1,Africa,UM, 2.2 ,0.4,0.0,0.8,0.4,0.1,0.0,1.7,0.6,0.1,0.5,0.5,0.3,0.0,2.0,0.4,1.0,14.5,2.2,0.0,18.0,16.1 ,1.3,0.1,2019,0,0,0,0,0,0,0,0,0,5330759,0.9
Gambia,60.3,64,0.50,2225.31,Africa,LI, 2.3 ,0.1,0.0,0.1,0.1,0.1,0.0,0.5,0.4,0.1,0.1,0.2,0.1,0.0,0.9,0.1,0.0,0.1,0.2,0.0,0.5,(0.4),0.6,1.9,2019,#N/A,#N/A,#N/A,#N/A,#N/A,#N/A,#N/A,#N/A,#N/A,710816,0.62
Georgia,72.7,73,0.81,14975.8,Middle East/Central Asia,LM, 4.0 ,0.1,0.2,0.1,1.0,0.4,0.1,1.9,0.4,0.2,0.2,1.3,0.5,0.1,2.6,0.1,0.4,0.7,0.1,0.1,1.4,(1.2),1.7,1.9,2019,#N/A,#N/A,#N/A,#N/A,#N/A,#N/A,#N/A,#N/A,#N/A,10886591,0.59
Germany,81.9,81,0.95,54234.4,EU-28,HI, 83.5 ,0.5,0.1,0.6,2.6,0.0,0.2,4.0,0.9,0.2,0.5,2.9,0.1,0.2,4.7,0.5,0.1,0.7,0.1,0.2,1.6,(3.1),3.0,3.0,2019,160.51271,32.160137,119.20131,331.8531,52.01037,189.8903,892.83026,624.2178,1292.1638,709826700,0.77
Ghana,63.2,65,0.63,5585.9,Africa,LM, 30.4 ,0.4,0.1,0.6,0.2,0.2,0.1,1.6,0.4,0.1,0.6,0.3,0.3,0.1,1.8,0.4,0.2,0.2,0.0,0.1,1.0,(0.8),1.2,1.9,2019,#N/A,#N/A,#N/A,#N/A,#N/A,#N/A,#N/A,#N/A,#N/A,16418407,0.57
Greece,76.5,82,0.89,29636.9,EU-28,HI, 10.5 ,1.0,0.1,0.1,1.9,0.1,0.1,3.2,1.2,0.4,0.3,2.2,0.1,0.1,4.3,1.0,0.1,0.2,0.2,0.1,1.6,(2.7),2.8,2.6,2019,1.2833521,2.2568612,11.6734295,19.15389,10.5428295,0,57.583,37.175343,177.21858,65736276,0.79
Grenada,,75,0.80,16867.7,Central America/Caribbean,UM, 0.1 ,,,,,,,1.1,,,,,,,1.9,,,,,,1.6,(0.3),1.3,1.2,2019,#N/A,#N/A,#N/A,#N/A,#N/A,#N/A,#N/A,#N/A,#N/A,329760,0.36
Guadeloupe,,,,,Central America/Caribbean,, 0.4 ,,,,,,,2.2,,,,,,,3.8,,,,,,0.5,(3.2),2.4,6.9,2019,#N/A,#N/A,#N/A,#N/A,#N/A,#N/A,#N/A,#N/A,#N/A,#N/A,#N/A
Guatemala,60.9,73,0.64,8156.23,Central America/Caribbean,LM, 17.6 ,0.3,0.1,0.5,0.4,0.1,0.2,1.6,0.4,0.2,0.6,0.5,0.1,0.2,1.9,0.3,0.1,0.3,0.0,0.2,1.0,(1.0),1.2,2.0,2019,#N/A,#N/A,#N/A,#N/A,#N/A,#N/A,#N/A,#N/A,#N/A,19303848,0.51
Guinea,51.7,60,0.47,2405.89,Africa,LI, 12.8 ,0.3,0.5,0.4,0.1,0.1,0.0,1.4,0.4,0.5,0.4,0.1,0.1,0.0,1.6,0.3,0.7,0.5,0.3,0.0,1.8,0.2 ,1.1,0.9,2019,#N/A,#N/A,#N/A,#N/A,#N/A,#N/A,#N/A,#N/A,#N/A,3920951,0.36
Guinea-Bissau,,61,0.49,2330.24,Africa,LI, 1.9 ,0.5,0.1,0.6,0.0,0.1,0.0,1.3,0.4,0.1,0.6,0.1,0.1,0.0,1.3,0.5,0.1,0.3,1.5,0.0,2.4,1.1 ,0.8,0.5,2019,#N/A,#N/A,#N/A,#N/A,#N/A,#N/A,#N/A,#N/A,#N/A,322432,0.44
Guyana,62.3,69,0.71,13052.2,South America,LM, 0.8 ,,,,,,,3.8,,,,,,,4.6,,,,,,71.4,66.9 ,2.9,0.1,2019,0,0,0,0,0,0,0,0,0,2755782,0.27
Haiti,52.9,64,0.54,2989.79,Central America/Caribbean,LI, 11.3 ,0.2,0.0,0.1,0.1,0.0,0.0,0.4,0.3,0.0,0.1,0.1,0.0,0.0,0.6,0.2,0.0,0.0,0.0,0.0,0.3,(0.4),0.4,2.4,2019,#N/A,#N/A,#N/A,#N/A,#N/A,#N/A,#N/A,#N/A,#N/A,3128113,0.56
Honduras,63.4,73,0.63,5721.95,Central America/Caribbean,LM, 9.7 ,,,,,,,1.4,,,,,,,1.5,,,,,,1.8,0.3 ,1.0,0.9,2019,#N/A,#N/A,#N/A,#N/A,#N/A,#N/A,#N/A,#N/A,#N/A,11218794,0.58
Hungary,78.6,76,0.85,32952.9,EU-28,HI, 9.7 ,1.7,0.0,0.3,1.7,0.0,0.1,3.8,1.1,0.1,0.4,2.2,0.0,0.1,4.0,1.7,0.1,0.7,0.0,0.1,2.6,(1.4),2.6,1.5,2019,7.154569,2.3346112,3.9460506,1.9216238,0.577278,41.199978,98.44,21.386988,97.93139,49165744,0.72
India,60.4,71,0.65,6683.45,Asia-Pacific,LM, 1.366.4 ,0.3,0.0,0.1,0.6,0.0,0.1,1.0,0.3,0.0,0.1,0.6,0.0,0.1,1.1,0.3,0.0,0.0,0.0,0.1,0.4,(0.7),0.7,3.0,2019,100.591385,12.995578,121.96038,166.89456,427.20215,114.238106,592.4984,4989.023,2791.946,2612888000,0.34
Indonesia,68.4,71,0.72,11976.5,Asia-Pacific,LM, 270.6 ,0.5,0.0,0.3,0.7,0.2,0.1,1.8,0.5,0.0,0.2,0.7,0.2,0.1,1.7,0.5,0.1,0.3,0.3,0.1,1.2,(0.4),1.1,1.4,2019,74.551346,58.482487,0.31178278,1.2758105,55.779808,0,454.6844,801.23114,853.31287,653791600,0.56
"Iran, Islamic Republic of",68.6,76,0.78,14840.7,Middle East/Central Asia,UM, 82.9 ,0.4,0.1,0.0,2.4,0.2,0.1,3.0,0.6,0.1,0.0,2.2,0.1,0.1,3.2,0.4,0.1,0.1,0.2,0.1,0.8,(2.4),2.0,4.2,2019,#N/A,#N/A,#N/A,#N/A,#N/A,#N/A,#N/A,#N/A,#N/A,#N/A,#N/A
Iraq,62.5,72,0.70,11483.1,Middle East/Central Asia,LM, 39.3 ,0.2,0.0,0.0,1.1,0.0,0.0,1.4,0.5,0.0,0.0,1.2,0.0,0.0,1.8,0.2,0.0,0.0,0.0,0.0,0.3,(1.5),1.2,5.7,2019,0,0,0.9925622,0,13.083027,0,194.95229,0,430.65488,190233920,0.71
Ireland,80.7,83,0.94,86744.3,EU-28,HI, 4.9 ,0.5,0.8,0.5,2.4,0.3,0.1,4.6,1.1,0.3,0.6,2.6,0.2,0.1,4.9,0.5,0.8,0.5,1.4,0.1,3.3,(1.6),3.1,1.5,2019,2.7286484,2.17813,0.087675,26.411085,2.3370109,0,53.158844,11.740789,88.71635,37323388,0.63
Israel,73.2,83,0.92,40710.9,Middle East/Central Asia,HI, 8.5 ,0.2,0.0,0.0,2.5,0.0,0.1,2.7,0.9,0.3,0.3,2.9,0.1,0.1,4.6,0.2,0.0,0.0,0.0,0.1,0.3,(4.3),2.9,16.9,2019,0.34141248,0.48680413,8.209736,0.16185749,0.058109164,0,107.21879,57.898838,127.13039,58655656,0.93
Italy,77.9,83,0.90,42892.6,EU-28,HI, 60.6 ,0.4,0.1,0.2,1.8,0.0,0.1,2.5,0.8,0.3,0.5,2.2,0.2,0.1,4.2,0.4,0.1,0.3,0.1,0.1,0.9,(3.3),2.7,4.5,2019,77.81409,9.359374,62.443287,53.251915,122.19445,0,707.9061,77.53442,709.052,339633540,0.71
Jamaica,69.2,72,0.72,10544.6,Central America/Caribbean,UM, 2.9 ,0.2,0.0,0.1,1.0,0.0,0.1,1.4,0.5,0.1,0.2,1.1,0.2,0.1,2.1,0.2,0.0,0.2,0.1,0.1,0.6,(1.5),1.4,3.7,2019,#N/A,#N/A,#N/A,#N/A,#N/A,#N/A,#N/A,#N/A,#N/A,9476012,0.56
Japan,79.3,84,0.92,41723.6,Asia-Pacific,HI, 126.9 ,0.1,0.0,0.1,2.9,0.2,0.1,3.4,0.4,0.1,0.2,3.1,0.3,0.1,4.2,0.1,0.0,0.3,0.1,0.1,0.6,(3.6),2.7,6.7,2019,86.26822,4.780501,177.74182,19.651531,194.84937,166.02455,1081.2328,1362.5938,2112.3943,1105478000,0.92
Jordan,69.3,76,0.73,10071.2,Middle East/Central Asia,UM, 10.1 ,0.1,0.0,0.0,0.7,0.0,0.1,0.9,0.4,0.1,0.1,0.7,0.0,0.1,1.5,0.1,0.0,0.0,0.0,0.1,0.2,(1.3),1.0,7.0,2019,#N/A,#N/A,#N/A,#N/A,#N/A,#N/A,#N/A,#N/A,#N/A,24746842,0.91
Kazakhstan,71.9,73,0.82,26184.8,Middle East/Central Asia,UM, 18.6 ,1.8,0.3,0.0,3.6,0.0,0.0,5.8,0.0,0.3,0.1,3.3,0.0,0.0,3.7,1.8,1.7,0.2,0.0,0.0,3.8,0.0 ,2.4,1.0,2019,0.015856,0,1.0312475,1.8639841,26.343008,0,197.04109,400.9196,171.49724,275289760,0.58
Kenya,60.7,63,0.58,4918.07,Africa,LI, 52.6 ,0.2,0.2,0.2,0.1,0.0,0.0,0.8,0.3,0.2,0.2,0.2,0.0,0.0,0.9,0.2,0.2,0.0,0.0,0.0,0.5,(0.5),0.6,2.1,2019,#N/A,#N/A,#N/A,#N/A,#N/A,#N/A,#N/A,#N/A,#N/A,19795976,0.28
"Korea, Democratic People's Republic of",,73,,,Asia-Pacific,LI, 25.7 ,0.2,0.0,0.1,0.7,0.0,0.1,1.1,0.3,0.0,0.1,0.7,0.0,0.1,1.2,0.2,0.0,0.2,0.1,0.1,0.6,(0.6),0.8,2.1,2019,#N/A,#N/A,#N/A,#N/A,#N/A,#N/A,#N/A,#N/A,#N/A,#N/A,#N/A
"Korea, Republic of",77.4,83,0.92,42850.3,Asia-Pacific,HI, 51.2 ,0.1,0.0,0.1,4.0,0.4,0.1,4.6,0.7,0.2,0.2,4.4,0.5,0.1,6.0,0.1,0.0,0.1,0.4,0.1,0.7,(5.3),3.9,9.1,2019,#N/A,#N/A,#N/A,#N/A,#N/A,#N/A,#N/A,#N/A,#N/A,#N/A,#N/A
Kuwait,64.3,80,0.84,43994.8,Middle East/Central Asia,HI, 4.2 ,0.0,0.0,0.0,7.1,0.0,0.5,7.6,0.6,0.2,0.1,5.7,0.5,0.5,7.7,0.0,0.0,0.0,0.3,0.5,0.8,(6.9),4.9,10.0,2019,0,0,0.15430444,0.009600221,0,0,183.73247,2.2074833,234.1572,108548616,1
Kyrgyzstan,74.1,72,0.70,5298.56,Middle East/Central Asia,LI, 6.4 ,0.5,0.3,0.0,0.5,0.0,0.1,1.4,0.6,0.2,0.1,0.7,0.0,0.1,1.7,0.5,0.5,0.1,0.0,0.1,1.3,(0.4),1.1,1.3,2019,#N/A,#N/A,#N/A,#N/A,#N/A,#N/A,#N/A,#N/A,#N/A,9042997,0.37
Lao People's Democratic Republic,63.4,68,0.61,7826.57,Asia-Pacific,LM, 7.2 ,0.7,0.1,0.4,0.8,0.0,0.2,2.2,0.7,0.2,0.3,0.3,0.0,0.2,1.7,0.7,0.1,0.6,0.0,0.2,1.7,(0.0),1.1,1.0,2019,#N/A,#N/A,#N/A,#N/A,#N/A,#N/A,#N/A,#N/A,#N/A,#N/A,#N/A
Latvia,79.9,75,0.87,30927.6,EU-28,HI, 1.9 ,2.5,0.2,4.9,1.3,0.1,0.1,9.1,1.5,0.2,3.4,1.7,0.2,0.1,7.0,2.5,0.2,4.4,2.1,0.1,9.3,2.3 ,4.5,0.8,2019,2.960514,0.4159947,0.008269056,0.40593722,5.555454,0,13.118875,0.47666666,21.895447,7648483,0.68
Lebanon,65.1,79,0.75,14563.7,Middle East/Central Asia,UM, 6.9 ,0.1,0.0,0.0,1.6,0.0,0.1,1.8,0.6,0.3,0.1,2.0,0.1,0.1,3.2,0.1,0.0,0.0,0.0,0.1,0.3,(2.9),2.1,10.5,2019,#N/A,#N/A,#N/A,#N/A,#N/A,#N/A,#N/A,#N/A,#N/A,25661360,0.89
Lesotho,55.3,54,0.52,2708.37,Africa,LM, 2.1 ,,,,,,,1.2,,,,,,,1.3,,,,,,0.7,(0.6),0.9,1.8,2019,#N/A,#N/A,#N/A,#N/A,#N/A,#N/A,#N/A,#N/A,#N/A,2388928,0.29
Liberia,50.0,61,0.48,1553.07,Africa,LI, 4.9 ,0.1,0.0,0.8,0.1,0.0,0.0,1.1,0.2,0.0,0.8,0.1,0.0,0.0,1.2,0.1,0.3,2.1,0.3,0.0,2.9,1.7 ,0.8,0.4,2019,#N/A,#N/A,#N/A,#N/A,#N/A,#N/A,#N/A,#N/A,#N/A,931662,0.52
Lithuania,,76,0.88,37237.5,EU-28,UM, 2.8 ,2.2,0.2,1.4,1.5,0.2,0.1,5.7,1.3,0.3,1.3,2.6,0.3,0.1,5.9,2.2,0.3,2.2,0.3,0.1,5.2,(0.7),3.8,1.1,2019,1.7020832,0.87296665,0.24013695,3.9523768,0.910465,0,21.57156,2.308555,39.03898,13707235,0.68
Luxembourg,75.1,83,0.93,118216,EU-28,HI, 0.6 ,0.4,0.1,0.4,5.1,0.0,0.1,6.1,1.0,0.6,1.2,9.2,0.1,0.1,12.3,0.4,0.1,0.7,0.0,0.1,1.3,(11.0),7.9,9.5,2019,0.88784474,1.489142,0.3436914,0.7414541,0.281825,0,7.955588,0.5321655,35.056538,9761764,0.91
Madagascar,49.9,66,0.51,1585.15,Africa,LI, 27.0 ,0.2,0.3,0.2,0.0,0.0,0.1,0.8,0.2,0.3,0.2,0.1,0.0,0.1,0.9,0.2,1.1,0.6,0.2,0.1,2.1,1.3 ,0.6,0.4,2019,0,0,0,0,0,0,0,0,0,4296739,0.38
Malawi,53.4,64,0.52,1411.37,Africa,LI, 18.6 ,0.4,0.1,0.2,0.0,0.0,0.1,0.7,0.4,0.1,0.2,0.1,0.0,0.1,0.8,0.4,0.1,0.0,0.0,0.1,0.6,(0.2),0.5,1.3,2019,#N/A,#N/A,#N/A,#N/A,#N/A,#N/A,#N/A,#N/A,#N/A,1720779,0.17
Malaysia,70.2,76,0.81,27920.6,Asia-Pacific,UM, 32.0 ,0.7,0.0,0.3,2.5,0.5,0.1,4.2,0.7,0.1,0.4,2.3,0.6,0.1,4.3,0.7,0.0,0.5,0.8,0.1,2.1,(2.1),2.8,2.0,2019,3.626344,7.5312,3.8458836,0,69.05193,0,452.15112,244.72913,459.84583,279841950,0.77
Mali,53.8,60,0.43,2321.85,Africa,LI, 19.7 ,0.4,0.5,0.1,0.0,0.0,0.1,1.2,0.4,0.4,0.1,0.1,0.0,0.1,1.1,0.4,0.5,0.5,0.0,0.1,1.5,0.4 ,0.7,0.7,2019,#N/A,#N/A,#N/A,#N/A,#N/A,#N/A,#N/A,#N/A,#N/A,5832595,0.43
Malta,76.4,83,0.92,47040.9,EU-28,HI, 0.4 ,,,,,,,1.3,,,,,,,4.4,,,,,,0.5,(3.9),2.8,8.8,2019,#N/A,#N/A,#N/A,#N/A,#N/A,#N/A,#N/A,#N/A,#N/A,1648776,0.95
Martinique, , , , ,Central America/Caribbean,, 0.4 ,,,,,,,2.2,,,,,,,3.9,,,,,,0.5,(3.4),2.5,7.8,2019,#N/A,#N/A,#N/A,#N/A,#N/A,#N/A,#N/A,#N/A,#N/A,#N/A,#N/A
Mauritania,,,,,Africa,LM, 4.5 ,0.1,1.5,0.2,0.2,0.3,0.0,2.4,0.4,1.3,0.2,0.4,0.0,0.0,2.4,0.1,2.6,0.1,1.2,0.0,4.0,1.6 ,1.5,0.6,2019,#N/A,#N/A,#N/A,#N/A,#N/A,#N/A,#N/A,#N/A,#N/A,4620304,0.55
Mauritius,68.3,74,0.82,22851.6,Africa,UM, 1.3 ,,,,,,,1.8,,,,,,,3.2,,,,,,0.7,(2.5),2.1,4.5,2019,#N/A,#N/A,#N/A,#N/A,#N/A,#N/A,#N/A,#N/A,#N/A,4521376,0.41
Mexico,70.3,74,0.78,19925.8,North America,UM, 127.6 ,0.4,0.2,0.2,1.2,0.1,0.1,2.1,0.6,0.2,0.3,1.3,0.1,0.1,2.5,0.4,0.2,0.4,0.1,0.1,1.2,(1.3),1.6,2.0,2019,19.481138,2.6959357,26.265673,44.09167,62.21535,28.304321,933.8935,150.41484,974.0515,468235650,0.8
Mongolia,63.6,72,0.75,12214.5,Asia-Pacific,LM, 3.2 ,0.4,5.8,0.1,2.3,0.0,0.0,8.7,0.4,4.7,0.2,2.4,0.0,0.0,7.7,0.4,7.2,6.5,0.1,0.0,14.2,6.5 ,5.0,0.5,2019,0,0,0,0,0,0,0,0,0,47243564,0.69
Montenegro,68.8,77,0.84,21559,Other Europe,UM, 0.6 ,0.0,0.2,1.1,1.3,0.0,0.3,3.0,0.6,0.4,1.1,2.0,0.1,0.3,4.5,0.0,0.3,1.9,0.2,0.3,2.8,(1.7),2.9,1.6,2019,#N/A,#N/A,#N/A,#N/A,#N/A,#N/A,#N/A,#N/A,#N/A,2476864,0.67
Morocco,68.5,74,0.68,7857.9,Africa,LM, 36.5 ,0.4,0.2,0.1,0.6,0.1,0.0,1.4,0.6,0.2,0.1,0.7,0.1,0.0,1.7,0.4,0.2,0.1,0.1,0.0,0.7,(1.0),1.1,2.4,2019,0,0,4.1686897,12.386934,3.3286557,0,10.126819,77.487465,156.34242,68739730,0.63
Mozambique,53.5,61,0.46,1281.78,Africa,LI, 30.4 ,0.2,0.1,0.3,0.1,0.0,0.1,0.7,0.2,0.1,0.2,0.1,0.0,0.1,0.8,0.2,0.6,0.5,0.1,0.1,1.5,0.7 ,0.5,0.5,2019,0,0,0,0,0,0,0,0,0,7101099,0.37
Myanmar,65.6,67,0.60,4848.56,Asia-Pacific,LI, 54.0 ,0.5,0.0,0.3,0.2,0.1,0.1,1.2,0.5,0.0,0.3,0.3,0.0,0.1,1.2,0.5,0.0,0.5,0.3,0.1,1.4,0.2 ,0.8,0.8,2019,0,0,0,0,0,0,0,0,0,33620364,0.31
Namibia,63.2,63,0.64,9954.63,Africa,UM, 2.5 ,0.4,1.3,0.3,0.5,1.8,0.0,4.3,0.6,0.3,0.3,1.2,0.4,0.0,2.7,0.4,1.5,0.3,4.4,0.0,6.6,3.9 ,1.7,0.4,2019,#N/A,#N/A,#N/A,#N/A,#N/A,#N/A,#N/A,#N/A,#N/A,4238951,0.51
Nepal,65.9,70,0.61,3952.76,Asia-Pacific,LI, 28.6 ,0.2,0.0,0.2,0.1,0.0,0.1,0.6,0.3,0.1,0.2,0.2,0.0,0.1,0.9,0.2,0.0,0.1,0.0,0.1,0.4,(0.5),0.6,2.2,2019,#N/A,#N/A,#N/A,#N/A,#N/A,#N/A,#N/A,#N/A,#N/A,12750490,0.2
Netherlands,79.7,82,0.94,57258.3,EU-28,HI, 17.1 ,,,,,,,3.6,,,,,,,6.4,,,,,,1.1,(5.2),4.1,5.6,2019,18.583979,8.080818,14.232684,30.334578,0.19554166,9.889584,371.6111,74.69444,494.70673,152422300,0.92
New Zealand,77.8,82,0.94,42056.7,Asia-Pacific,HI, 4.8 ,,,,,,,11.8,,,,,,,5.8,,,,,,8.8,3.0 ,3.7,0.7,2019,23.23508,0.04736861,0.33753416,5.9458766,67.47734,0,48.04402,16.648094,101.94943,36731820,0.87
Nicaragua,67.1,74,0.66,5466.61,Central America/Caribbean,LM, 6.5 ,0.6,0.5,0.4,0.3,0.1,0.1,1.9,0.5,0.2,0.4,0.4,0.0,0.1,1.6,0.6,0.5,0.7,0.4,0.1,2.4,0.8 ,1.0,0.7,2019,#N/A,#N/A,#N/A,#N/A,#N/A,#N/A,#N/A,#N/A,#N/A,5222552,0.59
Niger,52.0,63,0.41,1224.34,Africa,LI, 23.3 ,0.7,0.4,0.2,0.0,0.0,0.0,1.3,0.7,0.4,0.2,0.1,0.0,0.0,1.4,0.7,0.4,0.0,0.0,0.0,1.1,(0.3),0.9,1.3,2019,#N/A,#N/A,#N/A,#N/A,#N/A,#N/A,#N/A,#N/A,#N/A,2513365,0.17
Nigeria,54.1,53,0.54,5135.49,Africa,LM, 201.0 ,0.3,0.1,0.2,0.2,0.0,0.0,0.8,0.3,0.1,0.2,0.2,0.0,0.0,0.9,0.3,0.1,0.0,0.0,0.0,0.5,(0.4),0.5,1.8,2019,0,0,0,0,0,0,0,0,0,133823544,0.51
Norway,82.2,83,0.96,63164,Other Europe,HI, 5.4 ,0.2,0.1,1.5,2.6,4.1,0.1,8.7,0.9,0.1,0.9,2.6,0.7,0.1,5.3,0.2,0.1,3.5,2.9,0.1,6.9,1.6 ,3.4,0.8,2019,0.8076436,5.4447904,0.27682972,14.563746,330.25983,0,46.099327,9.07454,110.24315,42793000,0.83
Oman,68.9,78,0.84,29410.2,Middle East/Central Asia,HI, 5.0 ,0.1,0.0,0.0,5.4,0.8,0.4,6.6,0.6,0.3,0.1,4.5,0.5,0.4,6.4,0.1,0.0,0.0,1.2,0.4,1.6,(4.8),4.1,3.9,2019,0,0,0.04363861,0.02293297,0,0,249.96547,0.97515744,122.143265,71724520,0.85
Pakistan,59.2,67,0.55,5412.61,Asia-Pacific,LM, 216.6 ,0.3,0.0,0.1,0.3,0.0,0.0,0.7,0.2,0.0,0.1,0.3,0.0,0.0,0.7,0.3,0.0,0.0,0.0,0.0,0.4,(0.3),0.5,1.9,2019,1.9729521,0,1.8457997,8.298686,95.25408,23.227259,444.7297,156.56241,250.62538,207622380,0.37
Panama,65.5,78,0.82,31646.2,Central America/Caribbean,UM, 4.2 ,0.3,0.4,0.2,1.0,0.6,0.1,2.5,0.6,0.4,0.2,1.1,0.4,0.1,2.7,0.3,0.4,1.4,0.6,0.1,2.7,(0.0),1.8,1.0,2019,#N/A,#N/A,#N/A,#N/A,#N/A,#N/A,#N/A,#N/A,#N/A,13127958,0.68
Papua New Guinea,53.6,65,0.56,3808.51,Asia-Pacific,LM, 8.8 ,0.2,0.0,0.5,0.2,0.7,0.2,1.9,0.2,0.0,0.2,0.2,0.4,0.2,1.3,0.2,0.0,2.1,0.6,0.2,3.1,1.7 ,0.9,0.4,2019,0,0,0,0,0,0,0,0,0,7985714,0.13
Paraguay,67.6,74,0.73,12424.9,South America,LM, 7.0 ,1.7,2.0,0.9,0.4,0.0,0.1,5.1,0.3,1.0,0.9,0.7,0.0,0.1,2.9,1.7,2.4,5.5,0.1,0.1,9.7,6.8 ,1.9,0.3,2019,#N/A,#N/A,#N/A,#N/A,#N/A,#N/A,#N/A,#N/A,#N/A,8133305.5,0.62
Peru,72.1,76,0.78,12783.1,South America,UM, 32.5 ,0.5,0.5,0.1,0.6,0.5,0.1,2.2,0.6,0.5,0.2,0.6,0.3,0.1,2.3,0.5,0.5,2.4,0.2,0.1,3.7,1.3 ,1.5,0.6,2019,1.4512117,4.615903,2.1955013,4.362534,82.93322,0,82.11267,8.185528,140.72856,58365044,0.78
Philippines,66.7,72,0.72,8983.41,Asia-Pacific,LM, 108.1 ,0.2,0.0,0.1,0.4,0.2,0.1,0.9,0.3,0.0,0.1,0.5,0.2,0.1,1.3,0.2,0.0,0.1,0.1,0.1,0.4,(0.9),0.8,3.1,2019,30.363037,6.1082387,3.2846866,2.745787,21.202816,0,42.159954,203.31123,256.9457,143525810,0.47
Poland,80.6,78,0.88,33284.2,EU-28,HI, 37.9 ,0.8,0.1,0.7,2.6,0.0,0.1,4.4,0.8,0.0,0.9,2.6,0.1,0.1,4.5,0.8,0.1,0.7,0.1,0.1,1.8,(2.7),2.9,2.5,2019,24.525654,11.434799,1.8733144,39.820995,5.16233,0,208.88777,516.0783,379.48453,317724830,0.6
Portugal,78.7,82,0.87,34989.2,EU-28,HI, 10.2 ,0.4,0.2,0.9,1.5,0.3,0.1,3.2,1.0,0.4,0.3,2.0,0.4,0.1,4.2,0.4,0.2,0.8,0.1,0.1,1.5,(2.7),2.7,2.7,2019,11.279219,3.1829445,3.5374749,36.025833,23.244003,0,61.35022,14.518099,139.91884,47583116,0.66
Qatar,66.5,81,0.86,91022.9,Middle East/Central Asia,HI, 2.8 ,0.0,0.0,0.0,11.6,0.1,0.1,11.8,0.8,0.3,0.2,10.5,0.2,0.1,12.0,0.0,0.0,0.0,0.9,0.1,1.0,(11.0),7.7,12.2,2019,0.37532333,0,0.022047278,0,0,0,413.66946,0.4123775,169.01854,101018984,0.99
Republic of Moldova,73.5,71,0.77,12947,Other Europe,LM, 4.0 ,,,,,,,2.6,,,,,,,2.2,,,,,,1.6,(0.6),1.4,1.4,2019,#N/A,#N/A,#N/A,#N/A,#N/A,#N/A,#N/A,#N/A,#N/A,#N/A,#N/A
Republic of North Macedonia,72.1,77,0.78,16712.3,Other Europe,UM, 2.1 ,0.5,0.2,0.2,1.4,0.0,0.0,2.2,0.7,0.3,0.3,1.6,0.0,0.0,3.0,0.5,0.3,0.7,0.0,0.0,1.5,(1.5),1.9,2.0,2019,#N/A,#N/A,#N/A,#N/A,#N/A,#N/A,#N/A,#N/A,#N/A,#N/A,#N/A
Réunion,,,,,Africa,, 0.9 ,,,,,,,1.8,,,,,,,4.2,,,,,,0.1,(4.1),2.7,33.5,2019,#N/A,#N/A,#N/A,#N/A,#N/A,#N/A,#N/A,#N/A,#N/A,#N/A,#N/A
Romania,,,,,EU-28,UM, 19.4 ,1.4,0.2,0.5,1.3,0.0,0.1,3.4,1.1,0.1,0.5,1.4,0.0,0.1,3.3,1.4,0.2,1.1,0.1,0.1,2.9,(0.4),2.1,1.1,2019,1.6093305,4.29983,4.6867585,17.853441,41.070877,28.532404,107.749794,57.781013,120.23408,76457096,0.54
Russia,73.7,73,0.85,27341.1,Other Europe,UM, 145.9 ,1.8,0.0,1.0,3.9,0.4,0.0,7.1,1.2,0.1,0.7,3.6,0.3,0.0,5.8,1.8,0.3,4.2,1.2,0.0,7.5,1.7 ,3.8,0.8,2019,1.4347122,1.5646111,2.5965648,0.8298305,512.3701,528.6227,4443.1274,990.7597,1888.7245,1705030900,0.75
Rwanda,59.5,66,0.53,2268.35,Africa,LI, 12.6 ,0.2,0.0,0.2,0.0,0.0,0.0,0.5,0.2,0.0,0.2,0.1,0.0,0.0,0.6,0.2,0.0,0.0,0.0,0.0,0.3,(0.3),0.4,2.2,2019,#N/A,#N/A,#N/A,#N/A,#N/A,#N/A,#N/A,#N/A,#N/A,1372734,0.17
Saint Lucia, ,73,0.74,15452.2,Central America/Caribbean,UM, 0.2 ,0.1,0.0,0.0,0.6,0.1,0.0,0.8,0.5,0.2,0.1,0.9,0.2,0.0,1.9,0.1,0.0,0.1,0.1,0.0,0.4,(1.6),1.3,5.1,2019,#N/A,#N/A,#N/A,#N/A,#N/A,#N/A,#N/A,#N/A,#N/A,501968.03,0.19
Saint Vincent and Grenadines,,73,0.77,13460.8,Central America/Caribbean,UM, 0.1 ,,,,,,,0.9,,,,,,,2.2,,,,,,1.1,(1.0),1.4,1.9,2019,#N/A,#N/A,#N/A,#N/A,#N/A,#N/A,#N/A,#N/A,#N/A,#N/A,#N/A
Samoa,,72,0.72,5791.78,Asia-Pacific,LM, 0.2 ,,,,,,,1.8,,,,,,,2.7,,,,,,1.8,(0.9),1.7,1.5,2019,#N/A,#N/A,#N/A,#N/A,#N/A,#N/A,#N/A,#N/A,#N/A,271136,0.18
Sao Tome and Principe,59.2,69,0.62,4009.05,Africa,LM, 0.2 ,,,,,,,0.9,,,,,,,0.9,,,,,,0.8,(0.2),0.6,1.3,2019,#N/A,#N/A,#N/A,#N/A,#N/A,#N/A,#N/A,#N/A,#N/A,142896,0.74
Saudi Arabia,65.5,77,0.87,47069.1,Middle East/Central Asia,HI, 34.3 ,0.4,0.1,0.0,5.1,0.0,0.0,5.6,0.9,0.2,0.1,4.5,0.1,0.0,5.8,0.4,0.1,0.1,0.1,0.0,0.7,(5.0),3.7,8.2,2019,0,0,0.5449519,0.015009222,0,0,1111.5,1.172558,1854.1469,657587840,0.84
Senegal,58.6,69,0.51,3368.27,Africa,LM, 16.3 ,0.3,0.2,0.2,0.2,0.4,0.0,1.3,0.4,0.2,0.2,0.3,0.2,0.0,1.3,0.3,0.2,0.4,0.1,0.0,1.0,(0.3),0.8,1.3,2019,#N/A,#N/A,#N/A,#N/A,#N/A,#N/A,#N/A,#N/A,#N/A,12713010,0.48
Serbia,75.5,76,0.81,18269.6,Other Europe,UM, 8.8 ,1.2,0.0,0.5,2.0,0.0,0.1,3.9,0.9,0.1,0.6,1.9,0.0,0.1,3.6,1.2,0.0,0.5,0.0,0.1,1.9,(1.7),2.3,1.9,2019,0,0,0,0,0,0,0,0,0,44278484,0.56
Sierra Leone,52.6,60,0.48,1705.19,Africa,LI, 7.8 ,0.3,0.1,0.3,0.0,0.1,0.0,0.9,0.4,0.1,0.3,0.1,0.1,0.0,1.0,0.3,0.3,0.1,0.2,0.0,0.9,(0.1),0.6,1.2,2019,#N/A,#N/A,#N/A,#N/A,#N/A,#N/A,#N/A,#N/A,#N/A,1003936.06,0.42
Singapore,71.9,84,0.94,98283.3,Asia-Pacific,HI, 5.8 ,0.0,0.0,0.0,2.9,0.0,0.1,3.0,0.6,0.2,0.2,5.2,0.4,0.1,6.8,0.0,0.0,0.0,0.0,0.1,0.1,(6.7),4.4,62.3,2019,2.4269593,0,0.51301026,0,0,0,125.487816,5.3252683,795.9263,49000000,1
Slovakia,78.0,78,0.86,32817.9,EU-28,HI, 5.5 ,0.8,0.1,1.1,2.0,0.0,0.1,4.2,0.8,0.2,0.9,2.5,0.0,0.1,4.6,0.8,0.1,1.6,0.0,0.1,2.6,(1.9),2.9,1.7,2019,5.404402,1.7703333,1.5525877,0.015815832,11.482295,38.65534,47.522778,31.427668,47.017704,33831316,0.54
Slovenia,79.8,82,0.92,39262.2,EU-28,HI, 2.1 ,0.3,0.2,1.3,2.2,0.0,0.1,4.1,0.7,0.2,1.2,2.9,0.1,0.1,5.2,0.3,0.2,1.9,0.0,0.1,2.4,(2.8),3.4,2.1,2019,0.81788105,1.0989283,0.7988025,0.016211223,11.807561,14.724686,8.56711,12.19452,29.976591,14039440,0.55
Solomon Islands,,70,0.57,2378.38,Asia-Pacific,LI, 0.7 ,,,,,,,7.2,,,,,,,1.7,,,,,,3.6,1.9 ,1.1,0.5,2019,#N/A,#N/A,#N/A,#N/A,#N/A,#N/A,#N/A,#N/A,#N/A,293120,0.24
Somalia,45.1,57,,1174.91,Africa,LI, 15.4 ,0.1,0.4,0.4,0.0,0.0,0.0,0.8,0.2,0.3,0.4,0.0,0.0,0.0,1.0,0.1,0.4,0.1,0.2,0.0,0.8,(0.2),0.6,1.2,2019,#N/A,#N/A,#N/A,#N/A,#N/A,#N/A,#N/A,#N/A,#N/A,637536,0.46
South Africa,63.4,66,0.74,13659.4,Africa,UM, 58.6 ,0.5,0.2,0.3,2.6,0.1,0.0,3.6,0.5,0.1,0.2,2.4,0.1,0.0,3.4,0.5,0.5,0.0,0.2,0.0,1.2,(2.1),2.2,2.8,2019,1.3730947,0.69290274,12.924172,17.48177,1.9532555,33.520515,42.61174,1044.748,330.3944,464113900,0.67
South Sudan,39.0,56,0.39,827.107,Africa,LM, 11.1 ,0.3,1.1,0.2,0.1,0.0,0.0,1.7,0.3,1.1,0.2,0.1,0.0,0.0,1.7,0.3,1.1,0.4,0.0,0.0,1.9,0.1 ,1.1,0.9,2019,0,0,0,0,0,0,0,0,0,1780704,0.2
Spain,79.4,84,0.91,40875.3,EU-28,HI, 46.7 ,0.8,0.1,0.3,1.7,0.5,0.1,3.5,0.9,0.2,0.3,2.1,0.5,0.1,4.0,0.8,0.1,0.4,0.1,0.1,1.5,(2.6),2.6,2.7,2019,17.994663,25.091244,39.825024,139.94131,59.27268,147.41031,359.74472,58.98408,735.607,250596060,0.81
Sudan,49.7,66,0.51,4229.53,Africa,LM, 42.8 ,0.4,0.5,0.2,0.2,0.0,0.0,1.3,0.4,0.5,0.2,0.2,0.0,0.0,1.2,0.4,0.5,0.2,0.0,0.0,1.2,(0.0),0.8,1.0,2019,0,0,0,0,0,0,0,0,0,21640606,0.35
Suriname,72.5,72,0.76,18507.2,South America,UM, 0.6 ,0.3,0.0,1.3,1.5,0.1,0.1,3.3,0.3,0.0,0.8,2.1,0.1,0.1,3.4,0.3,0.0,70.0,6.7,0.1,77.0,73.6 ,2.2,0.0,2019,#N/A,#N/A,#N/A,#N/A,#N/A,#N/A,#N/A,#N/A,#N/A,2635786,0.66
Sweden,85.1,83,0.95,53402.4,EU-28,HI, 10.0 ,0.7,0.1,4.9,1.2,0.1,0.2,7.2,1.1,0.3,1.6,2.3,0.1,0.2,5.5,0.7,0.1,5.7,2.1,0.2,8.8,3.2 ,3.6,0.6,2019,41.613575,12.65844,1.7476497,52.315044,172.12164,167.27335,10.278999,22.514364,145.29596,40833570,0.88
Switzerland,80.5,84,0.96,71729.1,Other Europe,HI, 8.6 ,0.2,0.1,0.3,1.4,0.0,0.2,2.2,0.6,0.2,0.3,2.7,0.1,0.2,4.0,0.2,0.1,0.7,0.0,0.2,1.1,(2.8),2.6,3.5,2019,5.9438844,2.0805686,5.7411475,0.38485193,99.2021,63.94496,34.058334,1.0583333,123.53284,36720796,0.74
Syrian Arab Republic,57.5,72,0.58,,Middle East/Central Asia,LM, 17.1 ,0.5,0.1,0.0,0.4,0.0,0.0,1.1,0.6,0.1,0.0,0.6,0.0,0.0,1.3,0.5,0.1,0.0,0.0,0.0,0.7,(0.6),0.8,1.9,2019,#N/A,#N/A,#N/A,#N/A,#N/A,#N/A,#N/A,#N/A,#N/A,#N/A,#N/A
Tajikistan,69.3,71,0.68,3592.58,Middle East/Central Asia,LI, 9.3 ,0.2,0.1,0.1,0.3,0.0,0.1,0.9,0.4,0.1,0.2,0.3,0.0,0.1,1.0,0.2,0.1,0.0,0.0,0.1,0.5,(0.6),0.7,2.1,2019,#N/A,#N/A,#N/A,#N/A,#N/A,#N/A,#N/A,#N/A,#N/A,8691883,0.27
"Tanzania, United Republic of",57.5,67,0.55,2725.39,Africa,LI, 58.0 ,0.4,0.3,0.2,0.1,0.1,0.0,1.1,0.3,0.3,0.2,0.1,0.1,0.0,1.0,0.4,0.3,0.1,0.0,0.0,0.9,(0.1),0.7,1.2,2019,#N/A,#N/A,#N/A,#N/A,#N/A,#N/A,#N/A,#N/A,#N/A,#N/A,#N/A
Thailand,74.2,79,0.80,18438.7,Asia-Pacific,UM, 69.6 ,0.7,0.0,0.2,1.2,0.1,0.1,2.4,0.4,0.0,0.2,1.5,0.2,0.1,2.4,0.7,0.0,0.2,0.2,0.1,1.2,(1.2),1.6,2.0,2019,40.177616,25.850122,13.564714,9.674019,16.632874,0,509.39563,198.45288,665.99725,281877440,0.51
Timor-Leste,,68,0.61,3626.67,Asia-Pacific,LM, 1.3 ,0.2,0.1,0.0,0.1,0.0,0.0,0.4,0.3,0.1,0.0,0.1,0.0,0.0,0.5,0.2,0.1,0.6,0.8,0.0,1.7,1.2 ,0.3,0.3,2019,#N/A,#N/A,#N/A,#N/A,#N/A,#N/A,#N/A,#N/A,#N/A,#N/A,#N/A
Togo,55.4,61,0.54,2121.25,Africa,LI, 8.1 ,0.3,0.1,0.2,0.1,0.0,0.0,0.8,0.3,0.1,0.2,0.2,0.1,0.0,0.9,0.3,0.1,0.1,0.0,0.0,0.6,(0.3),0.6,1.5,2019,#N/A,#N/A,#N/A,#N/A,#N/A,#N/A,#N/A,#N/A,#N/A,2318589,0.42
Tonga,,71,0.74,5888.07,Asia-Pacific,LM, 0.1 ,,,,,,,1.7,,,,,,,3.4,,,,,,1.3,(2.1),2.2,2.7,2019,#N/A,#N/A,#N/A,#N/A,#N/A,#N/A,#N/A,#N/A,#N/A,161216,0.23
Trinidad and Tobago,65.4,74,0.82,26827.3,Central America/Caribbean,HI, 1.4 ,0.0,0.0,0.1,6.6,0.1,0.0,6.8,0.4,0.2,0.3,5.2,0.1,0.0,6.1,0.0,0.0,0.1,1.2,0.0,1.4,(4.7),3.9,4.4,2019,0,0,0.016416833,7.11714E-05,0,0,174.73317,0,20.45355,40782852,0.53
Tunisia,70.0,76,0.75,11347.7,Africa,UM, 11.7 ,0.5,0.1,0.1,0.8,0.1,0.0,1.6,0.5,0.1,0.2,1.0,0.1,0.0,1.8,0.5,0.1,0.0,0.2,0.0,0.8,(1.0),1.2,2.2,2019,0,0,0,0,0,0,0,0,0,30353440,0.69
Turkey,70.4,78,0.84,28515.7,Middle East/Central Asia,UM, 83.4 ,0.7,0.1,0.2,1.6,0.0,0.0,2.7,0.9,0.1,0.3,1.9,0.0,0.0,3.3,0.7,0.1,0.5,0.0,0.0,1.5,(1.8),2.1,2.2,2019,33.888367,1.8093889,24.382292,57.281555,234.13437,0,433.61343,487.52646,576.5308,402692260,0.76
Turkmenistan,64.7,69,0.74,16409.2,Middle East/Central Asia,LM, 5.9 ,0.4,0.5,0.0,3.3,0.0,0.0,4.3,0.5,0.5,0.0,3.2,0.0,0.0,4.1,0.4,1.7,0.0,0.1,0.0,2.3,(1.9),2.7,1.8,2019,0,0,0.018346362,0,0.008313861,0,277.4699,0,72.412476,63177750,0.52
Uganda,54.7,63,0.53,2563.79,Africa,LI, 44.3 ,0.3,0.1,0.5,0.0,0.1,0.0,1.1,0.3,0.1,0.5,0.1,0.1,0.0,1.1,0.3,0.1,0.0,0.0,0.0,0.5,(0.6),0.7,2.1,2019,#N/A,#N/A,#N/A,#N/A,#N/A,#N/A,#N/A,#N/A,#N/A,5761237,0.24
Ukraine,75.0,72,0.79,12902.8,Other Europe,LM, 44.0 ,,,,,,,3.9,,,,,,,2.8,,,,,,3.0,0.2 ,1.8,0.9,2019,1.2989081,0.99011105,7.7307796,5.325191,17.155699,209.9527,282.9769,303.2639,128.96898,221943170,0.69
United Arab Emirates,69.0,80,0.92,70180,Middle East/Central Asia,HI, 9.8 ,0.0,0.0,0.0,6.8,0.1,0.0,7.0,0.9,0.8,0.6,6.4,0.3,0.0,8.9,0.0,0.0,0.1,0.5,0.0,0.6,(8.3),5.7,15.9,2019,0,0,9.636588,0,0,0,671.89136,20.668407,516.8707,219775680,0.87
United Kingdom,80.9,81,0.94,47568,EU-28,HI, 67.5 ,0.4,0.1,0.1,1.7,0.1,0.1,2.6,0.8,0.3,0.4,2.3,0.1,0.1,3.9,0.4,0.1,0.2,0.3,0.1,1.1,(2.7),2.5,3.4,2019,119.83599,19.070885,32.733635,168.267,15.63896,142.11565,778.73755,68.912865,853.756,364753280,0.84
United States of America,74.4,79,0.93,62417.6,North America,HI, 329.1 ,1.7,0.2,0.9,4.7,0.1,0.0,7.7,1.3,0.3,0.9,5.1,0.1,0.0,7.8,1.7,0.2,1.5,0.3,0.0,3.7,(4.1),5.0,2.1,2019,234.43285,415.87015,284.61578,787.8162,752.48486,2155.1316,8509.999,3150.46,10287.683,5262145000,0.82
Uruguay,76.7,78,0.82,22660.8,South America,UM, 3.5 ,1.3,4.2,3.0,0.6,0.2,0.1,9.4,0.4,0.5,0.2,0.8,0.1,0.1,2.0,1.3,4.9,1.3,2.2,0.1,9.7,7.7 ,1.3,0.2,2019,#N/A,#N/A,#N/A,#N/A,#N/A,#N/A,#N/A,#N/A,#N/A,6409332,0.95
Uzbekistan,68.6,71,0.73,7419.93,Middle East/Central Asia,LM, 33.0 ,0.5,0.2,0.0,1.2,0.0,0.1,1.9,0.6,0.2,0.1,1.2,0.0,0.1,2.1,0.5,0.2,0.1,0.0,0.1,0.8,(1.3),1.4,2.8,2019,0,0,0.017995777,0.0408575,17.033873,0,445.98196,20.912853,58.118244,108429110,0.5
Vanuatu,,70,0.61,2780.45,Asia-Pacific,LM, 0.3 ,,,,,,,4.6,,,,,,,2.0,,,,,,2.0,0.0 ,1.3,1.0,2019,#N/A,#N/A,#N/A,#N/A,#N/A,#N/A,#N/A,#N/A,#N/A,164880,0.25
"Venezuela, Bolivarian Republic of",61.3,72,0.72,,South America,UM, 28.5 ,0.2,0.6,0.1,1.0,0.1,0.0,2.1,0.4,0.6,0.1,1.0,0.1,0.0,2.2,0.2,0.6,1.8,0.3,0.0,2.9,0.7 ,1.4,0.8,2019,#N/A,#N/A,#N/A,#N/A,#N/A,#N/A,#N/A,#N/A,#N/A,#N/A,#N/A
Viet Nam,72.0,74,0.70,10131.7,Asia-Pacific,LM, 96.5 ,0.4,0.0,0.3,1.1,0.1,0.1,2.1,0.5,0.0,0.4,1.2,0.1,0.1,2.3,0.4,0.0,0.2,0.2,0.1,0.8,(1.5),1.5,2.9,2019,#N/A,#N/A,#N/A,#N/A,#N/A,#N/A,#N/A,#N/A,#N/A,#N/A,#N/A
Yemen,52.0,65,0.46,2097.44,Middle East/Central Asia,LM, 29.2 ,0.1,0.1,0.0,0.1,0.1,0.0,0.4,0.2,0.1,0.0,0.2,0.1,0.0,0.6,0.1,0.1,0.0,0.2,0.0,0.4,(0.3),0.4,1.7,2019,0,0,0,0,0,0,0,0,0,11837194,0.37
Zambia,54.5,63,0.58,3383.31,Africa,LM, 17.9 ,0.3,0.1,0.6,0.1,0.0,0.1,1.3,0.3,0.1,0.6,0.2,0.0,0.1,1.3,0.3,0.7,0.7,0.0,0.1,1.8,0.5 ,0.9,0.7,2019,0,0,0,0,0,0,0,0,0,7750827,0.44
Zimbabwe,56.1,61,0.60,2200.74,Africa,LI, 14.6 ,0.3,0.3,0.3,0.2,0.0,0.0,1.0,0.2,0.3,0.3,0.3,0.0,0.0,1.1,0.3,0.3,0.1,0.0,0.0,0.7,(0.4),0.7,1.5,2019,0,0,0,0,0,0,0,0,0,10262950,0.32
Afghanistan,52.5,62,0.48,,Middle East/Central Asia,LI, 40.8 ,0.3,0.1,0.0,0.1,0.0,0.0,0.7,0.4,0.1,0.1,0.2,0.0,0.0,0.8,0.3,0.1,0.0,0.0,0.0,0.5,(0.3),0.5,1.6,2022,#N/A,#N/A,#N/A,#N/A,#N/A,#N/A,#N/A,#N/A,#N/A,10557803,0.27
Albania,71.6,76,0.80,14888.8,Other Europe,UM, 2.9 ,0.6,0.2,0.1,0.6,0.0,0.1,1.6,0.8,0.2,0.2,0.7,0.0,0.1,2.1,0.6,0.2,0.2,0.1,0.1,1.2,(0.9),1.4,1.8,2022,#N/A,#N/A,#N/A,#N/A,#N/A,#N/A,#N/A,#N/A,#N/A,5173371,0.64
Algeria,71.5,76,0.75,11136.7,Africa,UM, 45.4 ,0.4,0.1,0.1,1.2,0.0,0.0,1.8,0.7,0.2,0.1,1.2,0.0,0.0,2.2,0.4,0.2,0.0,0.0,0.0,0.7,(1.6),1.5,3.4,2022,0,0,1.6920305,0.04171417,0.04171417,0,503.38748,2.17481,226.85338,184558080,0.75
Angola,50.9,62,0.59,6303.51,Africa,LM, 35.0 ,0.2,0.1,0.1,0.1,0.1,0.1,0.6,0.2,0.1,0.1,0.3,0.1,0.1,0.9,0.2,0.8,0.4,0.2,0.1,1.6,0.7 ,0.6,0.5,2022,0,0,0,0,0,0,0,0,0,20250226,0.68
Antigua and Barbuda,,78,0.79,18748.8,Central America/Caribbean,HI, 0.1 ,,,,,,,1.5,,,,,,,2.9,,,,,,0.9,(2.0),1.9,3.2,2022,#N/A,#N/A,#N/A,#N/A,#N/A,#N/A,#N/A,#N/A,#N/A,618115,0.24
Argentina,72.8,75,0.84,22116.9,South America,UM, 46.0 ,1.8,0.8,0.2,1.3,0.2,0.1,4.5,0.9,0.5,0.2,1.4,0.1,0.1,3.2,1.8,1.2,0.6,1.5,0.1,5.2,2.0 ,2.1,0.6,2022,7.5106187,13.999567,7.665182,36.930042,59.363388,18.686298,458.52835,14.891581,411.80594,204080690,0.92
Armenia,71.1,72,0.76,13548.2,Middle East/Central Asia,LM, 3.0 ,0.4,0.2,0.2,0.8,0.0,0.1,1.7,0.7,0.2,0.3,1.1,0.0,0.1,2.3,0.4,0.3,0.1,0.0,0.1,0.8,(1.5),1.5,2.7,2022,#N/A,#N/A,#N/A,#N/A,#N/A,#N/A,#N/A,#N/A,#N/A,7164562,0.64
Australia,75.6,83,0.95,53052.8,Asia-Pacific,HI, 26.1 ,1.8,2.1,0.9,5.1,0.0,0.0,9.9,0.1,0.5,0.9,4.3,0.1,0.0,5.8,1.8,4.5,1.9,2.8,0.0,11.0,5.2 ,3.8,0.5,2022,10.172233,1.3496528,97.88252,78.34518,43.436844,0,432.26855,429.00577,568.55524,384362140,0.86
Austria,82.3,81,0.92,55459.6,EU-27,HI, 9.1 ,0.6,0.1,1.1,2.4,0.0,0.2,4.4,1.0,0.3,1.0,3.2,0.0,0.2,5.6,0.6,0.1,2.0,0.0,0.2,2.9,(2.7),3.7,1.9,2022,15.004816,4.6048346,9.885484,18.88904,88.58539,0,79.12825,28.638159,135.03307,61489110,0.59
Azerbaijan,73.5,69,0.75,14691.8,Middle East/Central Asia,UM, 10.3 ,0.6,0.2,0.0,1.2,0.0,0.0,2.1,0.8,0.2,0.1,1.2,0.0,0.0,2.4,0.6,0.2,0.1,0.0,0.0,0.9,(1.4),1.6,2.5,2022,0.32767972,0,0.15877444,0.21717444,4.160205,0,136.16217,0.000777778,69.25949,40391480,0.57
Bahrain,64.3,79,0.88,49184,Middle East/Central Asia,HI, 1.8 ,0.0,0.0,0.0,8.0,0.1,0.1,8.2,0.5,0.4,0.2,6.8,0.2,0.1,8.2,0.0,0.0,0.0,0.4,0.1,0.6,(7.6),5.4,14.7,2022,0,0,0,0,0,0,0,0,0,35651996,0.9
Bangladesh,64.2,72,0.66,5681.27,Asia-Pacific,LI, 167.9 ,0.1,0.0,0.1,0.2,0.0,0.1,0.5,0.2,0.0,0.1,0.3,0.0,0.1,0.7,0.1,0.0,0.0,0.0,0.1,0.2,(0.4),0.4,2.7,2022,0.012321916,0,2.257758,0.01324686,2.0205986,0,286.87222,55.396626,171.40193,113862904,0.4
Barbados,70.3,78,0.79,14910,Central America/Caribbean,HI, 0.3 ,0.1,0.0,0.0,1.2,0.1,0.1,1.5,0.6,0.3,0.2,1.8,0.4,0.1,3.3,0.1,0.0,0.0,0.0,0.1,0.3,(3.1),2.2,12.8,2022,#N/A,#N/A,#N/A,#N/A,#N/A,#N/A,#N/A,#N/A,#N/A,1143310,0.31
Belarus,76.0,72,0.81,18574,Other Europe,UM, 9.4 ,1.7,0.2,1.6,2.0,0.0,0.1,5.6,1.5,0.1,1.1,1.8,0.1,0.1,4.6,1.7,0.2,1.7,0.0,0.1,3.7,(0.9),3.0,1.2,2022,1.6625,0,0.54410917,0.45549554,0.96463996,11.721914,184.62439,10.879056,83.48042,59384360,0.8
Belgium,79.7,82,0.94,52749.4,EU-27,HI, 11.7 ,0.4,0.1,0.3,2.6,0.0,0.4,3.8,1.4,0.4,0.8,3.6,0.1,0.4,6.7,0.4,0.1,0.3,0.0,0.4,1.2,(5.5),4.4,5.8,2022,15.756082,8.616907,17.926657,32.20489,0.70679414,109.77655,145.53444,32.20125,331.76276,89002056,0.98
Belize,65.7,70,0.68,6121.78,Central America/Caribbean,UM, 0.4 ,0.5,0.2,0.2,0.4,5.2,0.0,6.4,0.2,0.3,0.3,1.7,5.1,0.0,7.5,0.5,0.2,1.8,0.9,0.0,3.3,(4.2),5.0,2.3,2022,#N/A,#N/A,#N/A,#N/A,#N/A,#N/A,#N/A,#N/A,#N/A,632438,0.46
Benin,51.2,60,0.53,3543.24,Africa,LI, 12.8 ,0.4,0.0,0.2,0.2,0.1,0.0,1.0,0.4,0.0,0.2,0.3,0.2,0.0,1.1,0.4,0.0,0.2,0.0,0.0,0.6,(0.5),0.7,1.8,2022,#N/A,#N/A,#N/A,#N/A,#N/A,#N/A,#N/A,#N/A,#N/A,5792374,0.5
Bermuda,,79,,,North America,HI, 0.1 ,,,,,,,2.5,,,,,,,,,,,,,,,,,2022,#N/A,#N/A,#N/A,#N/A,#N/A,#N/A,#N/A,#N/A,#N/A,500886.03,1
Bhutan,70.5,72,0.67,11106.1,Asia-Pacific,LM, 0.8 ,0.3,0.3,2.7,0.6,0.0,0.2,4.1,0.6,0.3,2.8,0.8,0.0,0.2,4.7,0.3,0.3,4.0,0.0,0.2,4.9,0.2 ,3.1,1.0,2022,#N/A,#N/A,#N/A,#N/A,#N/A,#N/A,#N/A,#N/A,#N/A,1635311,0.44
Bolivia,68.0,64,0.69,8441.65,South America,LM, 12.0 ,0.6,1.6,0.2,0.5,0.0,0.1,3.0,0.3,1.6,0.2,0.6,0.0,0.1,2.8,0.6,1.9,10.6,0.0,0.1,13.2,10.5 ,1.8,0.2,2022,0,0,0,0,0,0,0,0,0,22378240,0.71
Bosnia and Herzegovina,71.7,75,0.78,14964.4,Other Europe,UM, 3.2 ,0.8,0.2,0.8,2.5,0.0,0.0,4.3,1.1,0.4,0.7,1.8,0.3,0.0,4.3,0.8,0.3,1.1,0.0,0.0,2.2,(2.1),2.8,2.0,2022,#N/A,#N/A,#N/A,#N/A,#N/A,#N/A,#N/A,#N/A,#N/A,20963358,0.5
Botswana,61.4,61,0.69,16519.3,Africa,UM, 2.4 ,0.1,0.4,0.1,0.9,0.0,0.0,1.6,0.3,0.3,0.2,1.3,0.0,0.0,2.2,0.1,1.9,0.6,0.2,0.0,2.9,0.7 ,1.5,0.8,2022,#N/A,#N/A,#N/A,#N/A,#N/A,#N/A,#N/A,#N/A,#N/A,6595524,0.72
Brazil,72.8,73,0.75,14738.6,South America,UM, 215.4 ,0.8,0.8,0.7,0.7,0.0,0.2,3.3,0.5,0.6,0.4,0.7,0.1,0.2,2.6,0.8,0.8,6.1,0.2,0.2,8.2,5.6 ,1.7,0.3,2022,175.67726,241.95108,78.54375,212.8245,1113.5426,36.423683,319.8762,162.66177,1390.6998,483840580,0.88
Brunei Darussalam,67.1,75,0.83,64197.5,Asia-Pacific,HI, 0.4 ,0.0,0.0,0.1,8.1,0.1,0.0,8.4,0.4,0.2,0.2,6.8,0.3,0.0,7.9,0.0,0.0,1.4,1.2,0.0,2.6,(5.3),5.2,3.0,2022,#N/A,#N/A,#N/A,#N/A,#N/A,#N/A,#N/A,#N/A,#N/A,#N/A,#N/A
Bulgaria,74.3,72,0.80,24490.1,EU-27,UM, 6.8 ,1.5,0.1,0.4,2.1,0.0,0.1,4.3,0.8,0.2,0.5,1.9,0.1,0.1,3.6,1.5,0.2,1.1,0.1,0.1,3.1,(0.5),2.4,1.2,2022,7.16201,2.1624696,5.4589176,3.9084208,9.915661,41.184612,27.0345,72.7073,59.94147,46965720,0.76
Burkina Faso,54.5,59,0.45,2281.2,Africa,LI, 22.1 ,0.3,0.1,0.3,0.1,0.0,0.0,0.8,0.3,0.1,0.3,0.1,0.0,0.0,0.9,0.3,0.1,0.2,0.0,0.0,0.7,(0.2),0.6,1.3,2022,#N/A,#N/A,#N/A,#N/A,#N/A,#N/A,#N/A,#N/A,#N/A,6373887,0.32
Burundi,54.1,62,0.43,732.836,Africa,LI, 12.6 ,0.2,0.1,0.2,0.0,0.0,0.0,0.6,0.3,0.1,0.2,0.0,0.0,0.0,0.6,0.2,0.1,0.0,0.0,0.0,0.4,(0.2),0.4,1.7,2022,#N/A,#N/A,#N/A,#N/A,#N/A,#N/A,#N/A,#N/A,#N/A,707285,0.14
Cabo Verde,,74,0.66,6629.28,Africa,LM, 0.6 ,,,,,,,1.4,,,,,,,1.2,,,,,,0.4,(0.7),0.8,2.7,2022,#N/A,#N/A,#N/A,#N/A,#N/A,#N/A,#N/A,#N/A,#N/A,#N/A,#N/A
Cambodia,63.8,70,0.59,4705.06,Asia-Pacific,LI, 17.2 ,,,,,,,1.2,,,,,,,1.3,,,,,,1.0,(0.3),0.9,1.3,2022,#N/A,#N/A,#N/A,#N/A,#N/A,#N/A,#N/A,#N/A,#N/A,19608584,0.25
Cameroon,55.5,60,0.58,3767.17,Africa,LM, 27.9 ,0.5,0.1,0.2,0.1,0.0,0.1,1.0,0.5,0.1,0.2,0.1,0.1,0.1,1.0,0.5,0.1,0.7,0.1,0.1,1.4,0.4 ,0.7,0.7,2022,#N/A,#N/A,#N/A,#N/A,#N/A,#N/A,#N/A,#N/A,#N/A,10045834,0.59
Canada,77.7,83,0.94,49516.2,North America,HI, 38.4 ,2.7,0.3,2.4,4.9,0.1,0.0,10.4,1.3,0.3,1.1,4.6,0.1,0.0,7.4,2.7,0.3,8.0,3.2,0.0,14.2,6.8 ,4.9,0.5,2022,29.123316,29.3853,18.38104,100.052414,1036.9233,216.73698,1238.1349,106.97667,1196.2596,550611650,0.82
Central African Republic,39.3,54,0.40,943.672,Africa,LI, 5.0 ,0.4,0.5,0.2,0.0,0.0,0.0,1.1,0.4,0.4,0.2,0.0,0.0,0.0,1.1,0.4,0.5,5.5,0.0,0.0,6.4,5.3 ,0.7,0.2,2022,#N/A,#N/A,#N/A,#N/A,#N/A,#N/A,#N/A,#N/A,#N/A,270523,0.43
Chad,41.3,53,0.39,1460.01,Africa,LI, 17.4 ,0.3,0.8,0.2,0.0,0.0,0.0,1.4,0.3,0.8,0.2,0.0,0.0,0.0,1.4,0.3,0.8,0.2,0.1,0.0,1.4,0.1 ,0.9,1.0,2022,0,0,0,0,0,0,0,0,0,3004705,0.24
Chile,77.8,79,0.86,24432.8,South America,UM, 19.3 ,0.3,0.2,1.8,1.6,0.2,0.1,4.3,0.6,0.5,1.0,1.6,0.1,0.1,3.8,0.3,0.4,2.0,0.3,0.1,3.2,(0.6),2.5,1.2,2022,19.06014,0,40.967697,23.186054,53.153625,0,72.65661,66.24292,228.23827,82536910,0.88
China,72.4,78,0.77,18298.5,Asia-Pacific,UM, 1.480.6 ,0.3,0.1,0.1,2.7,0.1,0.1,3.4,0.5,0.1,0.2,2.6,0.1,0.1,3.6,0.3,0.1,0.2,0.0,0.1,0.8,(2.8),2.4,4.5,2022,582.57135,29.183447,1113.9504,1988.3834,3384.379,1045.2003,3776.4749,24397.78,8198.392,11350538000,0.64
Colombia,70.1,73,0.75,15609.9,South America,UM, 51.5 ,0.5,0.7,0.1,0.4,0.0,0.1,1.8,0.6,0.7,0.1,0.5,0.0,0.1,2.0,0.5,1.1,1.9,0.1,0.1,3.6,1.6 ,1.3,0.6,2022,9.274501,10.1455145,1.31032,0.19522221,167.73596,0,125.85035,28.352535,267.20297,98292510,0.82
Comoros,,63,0.56,2873.84,Africa,LI, 0.9 ,,,,,,,1.6,,,,,,,2.0,,,,,,0.3,(1.7),1.3,6.0,2022,#N/A,#N/A,#N/A,#N/A,#N/A,#N/A,#N/A,#N/A,#N/A,450916,0.3
Congo,52.3,64,0.57,3921.21,Africa,LM, 5.8 ,0.2,0.0,0.4,0.2,0.1,0.1,0.9,0.3,0.1,0.3,0.3,0.1,0.1,1.1,0.2,2.3,5.1,0.3,0.1,7.8,6.7 ,0.7,0.1,2022,0,0,0,0,0,0,0,0,0,8111232,0.69
"Congo, Democratic Republic of",50.0,59,0.48,1127.11,Africa,LI, 95.2 ,0.2,0.0,0.4,0.0,0.0,0.1,0.6,0.2,0.0,0.4,0.0,0.0,0.1,0.7,0.2,0.2,1.3,0.0,0.1,1.8,1.2 ,0.5,0.4,2022,#N/A,#N/A,#N/A,#N/A,#N/A,#N/A,#N/A,#N/A,#N/A,#N/A,#N/A
Costa Rica,73.8,77,0.81,20975.5,Central America/Caribbean,UM, 5.2 ,0.3,0.3,0.4,0.5,0.1,0.3,1.9,0.4,0.1,0.6,0.9,0.2,0.3,2.6,0.3,0.3,0.6,0.1,0.3,1.6,(1.0),1.7,1.6,2022,#N/A,#N/A,#N/A,#N/A,#N/A,#N/A,#N/A,#N/A,#N/A,7847264,0.82
Côte d'Ivoire, , , , ,Africa,LM, 27.7 ,0.5,0.0,0.2,0.1,0.0,0.1,0.9,0.3,0.1,0.2,0.2,0.1,0.1,0.9,0.5,0.4,0.1,0.0,0.1,1.1,0.2 ,0.6,0.8,2022,#N/A,#N/A,#N/A,#N/A,#N/A,#N/A,#N/A,#N/A,#N/A,#N/A,#N/A
Croatia,78.8,76,0.86,31006.7,Other Europe,HI, 4.1 ,0.7,0.1,0.7,1.6,0.1,0.2,3.3,0.8,0.2,0.7,1.8,0.1,0.2,3.7,0.7,0.2,1.2,0.4,0.2,2.6,(1.1),2.5,1.4,2022,3.7852407,0.24692944,0.39602387,5.5735326,14.234174,0,24.805115,4.727455,39.398846,17608212,0.58
Cuba,74.7,74,0.76, ,Central America/Caribbean,UM, 11.3 ,0.5,0.1,0.1,0.7,0.0,0.1,1.5,0.8,0.1,0.1,0.8,0.0,0.1,1.9,0.5,0.1,0.2,0.2,0.1,1.1,(0.8),1.3,1.7,2022,0,0,0,0,0,0,0,0,0,21882280,0.77
Cyprus,74.2,81,0.90,41491.5,EU-27,HI, 1.2 ,,,,,,,2.0,,,,,,,3.2,,,,,,0.4,(2.8),2.1,8.4,2022,0.18463722,0.23916389,1.5691274,0.58469164,0,0,0,0.35579664,28.741009,7197524,0.67
Czech Republic,80.5,77,0.89,40707.3,EU-27,HI, 10.7 ,1.1,0.1,2.0,3.0,0.0,0.1,6.3,1.0,0.3,0.8,2.8,0.0,0.1,5.1,1.1,0.1,1.2,0.0,0.1,2.5,(2.6),3.4,2.0,2022,#N/A,#N/A,#N/A,#N/A,#N/A,#N/A,#N/A,#N/A,#N/A,#N/A,#N/A
Denmark,85.6,81,0.95,59332.9,EU-27,HI, 5.8 ,1.8,0.0,0.3,1.6,0.4,0.2,4.4,1.9,0.4,1.0,2.9,0.8,0.2,7.3,1.8,0.0,0.4,1.8,0.2,4.2,(3.1),4.8,1.7,2022,23.217335,2.7640224,5.7423887,49.6081,0.038961112,0,16.930033,12.180117,86.79705,28431534,0.88
Djibouti,50.3,62,0.51,5710.12,Africa,LM, 1.0 ,0.0,0.2,0.1,0.2,0.1,0.2,0.8,1.6,0.1,0.2,0.2,0.1,0.2,2.5,0.0,0.2,0.0,0.2,0.2,0.6,(1.8),1.6,3.9,2022,#N/A,#N/A,#N/A,#N/A,#N/A,#N/A,#N/A,#N/A,#N/A,494262,0.78
Dominica,,73,0.72,12411.5,Central America/Caribbean,UM, 0.1 ,,,,,,,1.7,,,,,,,2.7,,,,,,1.0,(1.7),1.8,2.7,2022,#N/A,#N/A,#N/A,#N/A,#N/A,#N/A,#N/A,#N/A,#N/A,156305,0.72
Dominican Republic,70.8,73,0.77,20541.4,Central America/Caribbean,UM, 11.1 ,0.3,0.1,0.0,0.7,0.0,0.1,1.3,0.5,0.1,0.1,0.9,0.1,0.1,1.8,0.3,0.1,0.2,0.0,0.1,0.7,(1.1),1.2,2.6,2022,#N/A,#N/A,#N/A,#N/A,#N/A,#N/A,#N/A,#N/A,#N/A,30430802,0.84
Ecuador,71.5,74,0.74,10846.5,South America,UM, 18.1 ,,,,,,,2.0,,,,,,,1.7,,,,,,1.9,0.2 ,1.1,0.9,2022,1.2439064,0.24027333,0.10037472,0.15799223,64.22718,0,5.3682756,0.79980165,150.59082,40522028,0.65
Egypt,68.7,70,0.73,12785.5,Africa,LM, 106.2 ,,,,,,,1.1,,,,,,,1.5,,,,,,0.3,(1.1),1.0,4.6,2022,0,0,14.044063,14.373706,34.641483,0,605.9086,12.243622,425.2288,271168540,0.43
El Salvador,69.6,71,0.68,9062.31,Central America/Caribbean,LM, 6.6 ,0.2,0.1,0.3,0.4,0.2,0.1,1.2,0.4,0.2,0.4,0.6,0.1,0.1,2.0,0.2,0.1,0.1,0.1,0.1,0.6,(1.3),1.3,3.2,2022,#N/A,#N/A,#N/A,#N/A,#N/A,#N/A,#N/A,#N/A,#N/A,7800193,0.75
Equatorial Guinea,,61,0.60,16304.8,Africa,HI, 1.5 ,0.1,0.0,0.6,1.0,0.0,0.0,1.8,0.2,0.0,0.5,1.0,0.1,0.0,1.8,0.1,0.1,2.0,0.4,0.0,2.7,0.8 ,1.2,0.7,2022,0,0,0,0,0,0,0,0,0,6825867,0.74
Eritrea,,67,0.49,1799.88,Africa,LI, 3.7 ,0.1,0.3,0.1,0.1,0.0,0.0,0.7,0.2,0.3,0.1,0.1,0.0,0.0,0.7,0.1,0.3,0.1,1.4,0.0,1.9,1.2 ,0.5,0.4,2022,#N/A,#N/A,#N/A,#N/A,#N/A,#N/A,#N/A,#N/A,#N/A,623447,0.43
Estonia,80.6,77,0.89,38352.9,EU-27,HI, 1.3 ,1.4,0.1,4.6,2.0,0.2,0.1,8.5,0.9,0.2,4.3,2.6,0.0,0.1,8.1,1.4,0.1,3.8,4.3,0.1,9.8,1.7 ,5.4,0.8,2022,5.094758,0.27694917,1.5538522,1.7415658,0.059964165,0,4.0366664,34.259235,16.369028,11757177,0.7
Eswatini,54.6,57,0.60,8917.34,Africa,LM, 1.2 ,0.3,0.4,1.0,0.3,0.0,0.5,2.5,0.4,0.4,0.8,0.6,0.0,0.5,2.9,0.3,0.5,0.0,0.0,0.5,1.4,(1.5),1.9,2.1,2022,#N/A,#N/A,#N/A,#N/A,#N/A,#N/A,#N/A,#N/A,#N/A,1079703,0.25
Ethiopia,58.0,65,0.50,2918.29,Africa,LI, 120.8 ,0.3,0.1,0.4,0.0,0.0,0.0,0.8,0.3,0.1,0.4,0.1,0.0,0.0,0.8,0.3,0.1,0.0,0.0,0.0,0.4,(0.4),0.6,1.9,2022,#N/A,#N/A,#N/A,#N/A,#N/A,#N/A,#N/A,#N/A,#N/A,15156920,0.23
Fiji,72.9,67,0.73,11647.1,Asia-Pacific,UM, 0.9 ,0.5,0.1,0.6,0.6,0.4,0.1,2.4,0.8,0.2,0.7,0.9,0.2,0.1,2.8,0.5,0.1,1.3,0.6,0.1,2.7,(0.1),1.9,1.0,2022,#N/A,#N/A,#N/A,#N/A,#N/A,#N/A,#N/A,#N/A,#N/A,1121761,0.58
Finland,86.5,82,0.94,49685.5,EU-27,HI, 5.6 ,0.8,0.1,7.0,2.2,0.1,0.1,10.5,0.9,0.2,0.9,3.0,0.1,0.1,5.4,0.8,0.1,8.4,2.3,0.1,11.8,6.4 ,3.6,0.5,2022,40.73423,6.1698127,1.0228883,31.342854,35.174835,63.3855,11.242778,33.263332,98.39343,36367000,0.86
France,81.2,82,0.90,47995.3,EU-27,HI, 65.6 ,1.0,0.2,0.4,1.6,0.1,0.2,3.5,1.0,0.3,0.5,2.2,0.2,0.2,4.3,1.0,0.2,1.0,0.1,0.2,2.5,(1.9),2.9,1.8,2022,31.066639,40.18554,49.91108,98.816376,115.41829,737.35693,383.71768,64.418816,777.6683,293501630,0.82
French Guiana,,,,,South America,, 0.3 ,,,,,,,1.3,,,,,,,1.5,,,,,,85.6,84.1 ,1.0,0.0,2022,#N/A,#N/A,#N/A,#N/A,#N/A,#N/A,#N/A,#N/A,#N/A,#N/A,#N/A
French Polynesia,,79,,,Asia-Pacific,HI, 0.3 ,,,,,,,2.0,,,,,,,3.7,,,,,,1.1,(2.6),2.5,3.3,2022,#N/A,#N/A,#N/A,#N/A,#N/A,#N/A,#N/A,#N/A,#N/A,896658,0.62
Gabon,62.8,66,0.71,15287.1,Africa,UM, 2.3 ,0.3,0.0,1.0,0.3,0.1,0.0,1.8,0.5,0.1,0.7,0.4,0.3,0.0,2.1,0.3,0.9,13.6,2.0,0.0,16.9,14.9 ,1.4,0.1,2022,0,0,0,0,0,0,0,0,0,5834667,0.91
Gambia,60.2,62,0.50,2266.11,Africa,LI, 2.6 ,0.1,0.0,0.1,0.1,0.1,0.0,0.5,0.5,0.0,0.1,0.1,0.1,0.0,0.9,0.1,0.0,0.1,0.2,0.0,0.5,(0.4),0.6,1.9,2022,#N/A,#N/A,#N/A,#N/A,#N/A,#N/A,#N/A,#N/A,#N/A,737484,0.64
Georgia,73.4,72,0.80,15925.5,Middle East/Central Asia,LM, 4.0 ,0.2,0.2,0.1,0.9,0.4,0.1,1.9,0.4,0.2,0.2,1.4,0.4,0.1,2.7,0.2,0.4,0.7,0.1,0.1,1.4,(1.3),1.8,1.9,2022,#N/A,#N/A,#N/A,#N/A,#N/A,#N/A,#N/A,#N/A,#N/A,11527141,0.6
Germany,82.2,81,0.94,54192,EU-27,HI, 83.9 ,0.6,0.1,0.6,2.5,0.0,0.2,4.0,0.9,0.2,0.5,2.7,0.1,0.2,4.5,0.6,0.1,0.7,0.1,0.2,1.6,(2.9),3.0,2.8,2022,165.54147,34.94109,157.22066,325.4121,45.94859,86.83549,775.4472,641.76025,1179.8933,671471550,0.78
Ghana,63.4,64,0.63,5784.7,Africa,LM, 32.4 ,0.4,0.1,0.6,0.2,0.1,0.1,1.5,0.4,0.1,0.6,0.3,0.2,0.1,1.8,0.4,0.2,0.2,0.0,0.1,0.9,(0.8),1.2,1.9,2022,#N/A,#N/A,#N/A,#N/A,#N/A,#N/A,#N/A,#N/A,#N/A,20286994,0.59
Greece,76.8,80,0.89,30488.2,EU-27,HI, 10.3 ,1.0,0.1,0.1,1.7,0.1,0.1,3.0,1.0,0.4,0.3,1.9,0.1,0.1,3.8,1.0,0.1,0.2,0.2,0.1,1.6,(2.2),2.5,2.4,2022,1.8183113,2.8845239,18.614199,28.3741,10.051004,0,61.967,18.437853,172.19046,58079524,0.8
Grenada,,75,0.80,15667.8,Central America/Caribbean,UM, 0.1 ,,,,,,,1.0,,,,,,,1.8,,,,,,1.6,(0.2),1.2,1.1,2022,#N/A,#N/A,#N/A,#N/A,#N/A,#N/A,#N/A,#N/A,#N/A,320962,0.37
Guadeloupe,,,,,Central America/Caribbean,, 0.4 ,,,,,,,2.2,,,,,,,3.4,,,,,,0.6,(2.9),2.3,6.2,2022,#N/A,#N/A,#N/A,#N/A,#N/A,#N/A,#N/A,#N/A,#N/A,#N/A,#N/A
Guatemala,61.0,69,0.63,8489.15,Central America/Caribbean,LM, 18.6 ,0.3,0.1,0.5,0.4,0.1,0.2,1.5,0.4,0.2,0.6,0.5,0.1,0.2,1.9,0.3,0.1,0.3,0.0,0.2,1.0,(0.9),1.3,2.0,2022,#N/A,#N/A,#N/A,#N/A,#N/A,#N/A,#N/A,#N/A,#N/A,19113738,0.53
Guinea,51.3,59,0.47,2594.72,Africa,LI, 13.9 ,0.3,0.5,0.4,0.1,0.1,0.1,1.4,0.4,0.5,0.4,0.1,0.1,0.1,1.5,0.3,0.6,0.5,0.3,0.1,1.7,0.2 ,1.0,0.9,2022,#N/A,#N/A,#N/A,#N/A,#N/A,#N/A,#N/A,#N/A,#N/A,4193973,0.38
Guinea-Bissau,,60,0.48,2384.48,Africa,LI, 2.1 ,0.5,0.1,0.6,0.0,0.1,0.0,1.3,0.4,0.1,0.6,0.1,0.1,0.0,1.2,0.5,0.1,0.3,1.4,0.0,2.2,1.0 ,0.8,0.5,2022,#N/A,#N/A,#N/A,#N/A,#N/A,#N/A,#N/A,#N/A,#N/A,309147,0.45
Guyana,63.9,66,0.71,32768.4,South America,LM, 0.8 ,,,,,,,4.5,,,,,,,3.3,,,,,,70.5,67.2 ,2.2,0.0,2022,0,0,0,0,0,0,0,0,0,3627187,0.27
Haiti,51.9,63,0.54,2731.34,Central America/Caribbean,LI, 11.7 ,0.1,0.0,0.1,0.1,0.0,0.0,0.4,0.3,0.0,0.1,0.1,0.0,0.0,0.6,0.1,0.0,0.0,0.0,0.0,0.2,(0.4),0.4,2.5,2022,#N/A,#N/A,#N/A,#N/A,#N/A,#N/A,#N/A,#N/A,#N/A,3380945,0.59
Honduras,63.1,70,0.62,5773.16,Central America/Caribbean,LM, 10.2 ,,,,,,,1.3,,,,,,,1.3,,,,,,1.7,0.3 ,0.9,0.8,2022,#N/A,#N/A,#N/A,#N/A,#N/A,#N/A,#N/A,#N/A,#N/A,10481529,0.6
Hungary,79.0,74,0.85,35069,EU-27,HI, 9.6 ,1.7,0.0,0.3,1.7,0.0,0.1,3.8,1.1,0.1,0.4,2.1,0.0,0.1,3.8,1.7,0.1,0.7,0.0,0.1,2.6,(1.2),2.5,1.5,2022,6.83494,3.5135,12.336962,1.5903522,0.46406996,39.558395,91.909744,14.471302,96.33766,44842524,0.73
India,60.3,67,0.63,7158.92,Asia-Pacific,LM, 1.406.6 ,0.2,0.0,0.1,0.6,0.0,0.1,1.0,0.2,0.0,0.1,0.6,0.0,0.1,1.0,0.2,0.0,0.0,0.0,0.1,0.3,(0.7),0.7,3.0,2022,123.11374,28.015644,248.08994,182.61719,456.08032,115.569664,582.5085,5562.6577,2804.53,2831166200,0.36
Indonesia,69.2,68,0.71,12449.3,Asia-Pacific,LM, 279.1 ,0.5,0.0,0.3,0.8,0.2,0.1,1.9,0.5,0.0,0.1,0.7,0.2,0.1,1.7,0.5,0.1,0.3,0.3,0.1,1.2,(0.5),1.1,1.4,2022,107.5489,95.54151,1.1568639,0.9281399,71.16174,0,440.47968,1216.5106,858.0945,737072640,0.58
"Iran, Islamic Republic of",68.6,74,0.77,15701.7,Middle East/Central Asia,UM, 86.0 ,0.4,0.1,0.0,2.5,0.1,0.1,3.2,0.5,0.1,0.0,2.4,0.1,0.1,3.2,0.4,0.1,0.1,0.2,0.1,0.8,(2.5),2.2,4.3,2022,#N/A,#N/A,#N/A,#N/A,#N/A,#N/A,#N/A,#N/A,#N/A,#N/A,#N/A
Iraq,62.3,70,0.69,10399.1,Middle East/Central Asia,LM, 42.2 ,0.2,0.0,0.0,1.2,0.0,0.0,1.4,0.5,0.0,0.0,1.1,0.0,0.0,1.7,0.2,0.0,0.0,0.0,0.0,0.3,(1.4),1.1,5.5,2022,0,0,1.1008552,0,6.9106174,0,183.61629,0,472.0143,171279220,0.71
Ireland,80.7,82,0.95,106717,EU-27,HI, 5.0 ,0.4,0.7,0.5,2.3,0.2,0.1,4.3,0.9,0.3,0.6,2.5,0.1,0.1,4.5,0.4,0.7,0.5,1.4,0.1,3.1,(1.4),3.0,1.4,2022,3.234785,2.589344,0.38662776,29.221893,1.828128,0,51.999706,11.048163,85.65837,36711388,0.64
Israel,73.5,83,0.92,43000.3,Middle East/Central Asia,HI, 8.9 ,0.1,0.0,0.0,2.2,0.0,0.1,2.4,0.8,0.3,0.3,2.6,0.1,0.1,4.2,0.1,0.0,0.0,0.0,0.1,0.2,(3.9),2.8,17.2,2022,0.32896945,0.7424583,15.8607645,0.49526805,0.061214443,0,121.42279,44.42776,125.30962,60946176,0.93
Italy,78.3,83,0.90,43010.1,EU-27,HI, 60.3 ,0.4,0.1,0.1,1.7,0.0,0.1,2.5,0.8,0.3,0.5,2.0,0.2,0.1,4.0,0.4,0.1,0.3,0.1,0.1,1.0,(3.0),2.6,4.1,2022,70.83629,12.3534975,73.31654,53.43114,74.03637,0,651.9902,86.38467,695.90265,340672300,0.72
Jamaica,69.0,71,0.71,10108.5,Central America/Caribbean,UM, 3.0 ,0.2,0.0,0.1,0.8,0.0,0.1,1.2,0.5,0.1,0.2,0.8,0.2,0.1,1.7,0.2,0.0,0.2,0.1,0.1,0.6,(1.2),1.2,3.1,2022,#N/A,#N/A,#N/A,#N/A,#N/A,#N/A,#N/A,#N/A,#N/A,7136817,0.57
Japan,79.6,84,0.93,41809.1,Asia-Pacific,HI, 125.6 ,0.1,0.0,0.2,2.8,0.1,0.1,3.3,0.4,0.1,0.2,2.9,0.3,0.1,4.0,0.1,0.0,0.3,0.1,0.1,0.6,(3.4),2.7,6.4,2022,118.66706,5.0417256,237.43385,24.54747,195.19174,129.52829,1002.2232,1365.5248,1926.7228,1032686800,0.92
Jordan,69.4,74,0.72,10159.1,Middle East/Central Asia,UM, 10.3 ,0.1,0.0,0.0,0.6,0.0,0.1,0.8,0.4,0.1,0.1,0.6,0.0,0.1,1.3,0.1,0.0,0.0,0.0,0.1,0.2,(1.1),0.9,6.1,2022,#N/A,#N/A,#N/A,#N/A,#N/A,#N/A,#N/A,#N/A,#N/A,20254502,0.92
Kazakhstan,71.1,70,0.81,26125.1,Middle East/Central Asia,UM, 19.2 ,1.9,0.2,0.0,3.7,0.0,0.0,5.9,0.6,0.3,0.1,3.3,0.0,0.0,4.3,1.9,1.6,0.2,0.0,0.0,3.8,(0.5),2.8,1.1,2022,0.009416055,0,4.6210365,6.0272784,23.98875,0,212.81737,391.72864,180.0903,254414190,0.58
Kenya,61.0,61,0.58,5191.63,Africa,LI, 56.2 ,0.2,0.2,0.2,0.1,0.0,0.0,0.8,0.3,0.2,0.2,0.2,0.0,0.0,0.9,0.2,0.2,0.0,0.0,0.0,0.5,(0.4),0.6,1.9,2022,#N/A,#N/A,#N/A,#N/A,#N/A,#N/A,#N/A,#N/A,#N/A,21397398,0.29
"Korea, Democratic People's Republic of",,73,,,Asia-Pacific,LI, 26.0 ,0.2,0.0,0.1,0.8,0.0,0.0,1.2,0.2,0.0,0.1,0.8,0.0,0.0,1.2,0.2,0.0,0.2,0.1,0.0,0.5,(0.7),0.8,2.2,2022,#N/A,#N/A,#N/A,#N/A,#N/A,#N/A,#N/A,#N/A,#N/A,#N/A,#N/A
"Korea, Republic of",77.9,84,0.93,45438.2,Asia-Pacific,HI, 51.3 ,0.1,0.0,0.1,4.0,0.4,0.1,4.6,0.7,0.2,0.2,4.2,0.5,0.1,5.8,0.1,0.0,0.1,0.4,0.1,0.6,(5.2),3.9,9.0,2022,#N/A,#N/A,#N/A,#N/A,#N/A,#N/A,#N/A,#N/A,#N/A,#N/A,#N/A
Kuwait,64.5,79,0.83,43612.6,Middle East/Central Asia,HI, 4.4 ,0.0,0.0,0.0,8.2,0.0,0.5,8.7,0.7,0.4,0.1,6.4,0.5,0.5,8.6,0.0,0.0,0.0,0.3,0.5,0.8,(7.7),5.7,10.6,2022,0,0,0.37557554,0.09135389,0,0,216.60086,1.5328642,213.79933,97460560,1
Kyrgyzstan,73.7,72,0.69,4763.72,Middle East/Central Asia,LI, 6.7 ,0.5,0.2,0.0,0.5,0.0,0.1,1.3,0.5,0.2,0.0,0.6,0.0,0.1,1.5,0.5,0.5,0.1,0.0,0.1,1.3,(0.3),1.0,1.2,2022,#N/A,#N/A,#N/A,#N/A,#N/A,#N/A,#N/A,#N/A,#N/A,10032085,0.37
Lao People's Democratic Republic,63.4,68,0.61,7865.83,Asia-Pacific,LM, 7.5 ,0.7,0.1,0.4,1.0,0.0,0.2,2.4,0.7,0.2,0.3,0.5,0.0,0.2,1.9,0.7,0.1,0.6,0.0,0.2,1.6,(0.2),1.2,1.1,2022,#N/A,#N/A,#N/A,#N/A,#N/A,#N/A,#N/A,#N/A,#N/A,#N/A,#N/A
Latvia,80.3,73,0.86,31973.2,EU-27,HI, 1.8 ,2.8,0.2,5.3,1.3,0.1,0.1,9.8,1.8,0.2,4.0,1.5,0.2,0.1,7.7,2.8,0.2,4.6,2.2,0.1,9.9,2.2 ,5.1,0.8,2022,2.5580666,0.21477166,0.10761222,0.49583277,7.169159,0,8.10425,0.16444445,19.660797,6619717,0.69
Lebanon,66.3,75,0.71,,Middle East/Central Asia,UM, 6.7 ,0.1,0.0,0.0,1.7,0.0,0.1,1.9,0.6,0.3,0.1,1.9,0.1,0.1,3.1,0.1,0.0,0.0,0.0,0.1,0.3,(2.8),2.1,9.9,2022,#N/A,#N/A,#N/A,#N/A,#N/A,#N/A,#N/A,#N/A,#N/A,18922386,0.89
Lesotho,55.1,53,0.51,2598.62,Africa,LM, 2.2 ,,,,,,,1.3,,,,,,,1.2,,,,,,0.7,(0.4),0.8,1.6,2022,#N/A,#N/A,#N/A,#N/A,#N/A,#N/A,#N/A,#N/A,#N/A,3832580,0.3
Liberia,49.9,61,0.48,1524.03,Africa,LI, 5.3 ,0.1,0.0,0.8,0.1,0.1,0.0,1.1,0.2,0.0,0.7,0.1,0.1,0.0,1.2,0.1,0.3,2.0,0.3,0.0,2.7,1.5 ,0.8,0.5,2022,#N/A,#N/A,#N/A,#N/A,#N/A,#N/A,#N/A,#N/A,#N/A,792081,0.53
Lithuania,75.4,74,0.88,39809.9,EU-27,UM, 2.7 ,2.8,0.1,1.4,1.6,0.2,0.2,6.4,1.8,0.3,1.3,2.6,0.2,0.2,6.4,2.8,0.3,2.3,0.3,0.2,6.0,(0.5),4.3,1.1,2022,2.260719,1.3905001,0.89216137,3.9430306,1.2107533,0,16.07382,2.138757,37.15651,12856662,0.68
Luxembourg,75.7,83,0.93,120505,EU-27,HI, 0.6 ,0.4,0.1,0.3,4.3,0.0,0.1,5.2,0.9,0.5,1.4,8.0,0.1,0.1,11.0,0.4,0.1,0.7,0.0,0.1,1.2,(9.7),7.3,8.9,2022,1.1450661,1.4833422,0.7202681,0.8140022,0.16709389,0,6.1173964,0.47766748,27.83879,7276724,0.92
Madagascar,50.1,64,0.50,1522.57,Africa,LI, 29.2 ,0.2,0.2,0.2,0.0,0.0,0.1,0.7,0.2,0.2,0.2,0.1,0.0,0.1,0.8,0.2,1.0,0.6,0.2,0.1,2.0,1.2 ,0.5,0.4,2022,0,0,0,0,0,0,0,0,0,4309451,0.4
Malawi,53.3,63,0.51,1372.75,Africa,LI, 20.2 ,0.4,0.1,0.2,0.0,0.0,0.1,0.7,0.4,0.1,0.2,0.0,0.0,0.1,0.7,0.4,0.1,0.0,0.0,0.1,0.6,(0.1),0.5,1.3,2022,#N/A,#N/A,#N/A,#N/A,#N/A,#N/A,#N/A,#N/A,#N/A,1748208,0.18
Malaysia,70.4,75,0.80,28179.9,Asia-Pacific,UM, 33.2 ,0.7,0.0,0.3,2.5,0.5,0.1,4.1,0.7,0.1,0.4,2.4,0.5,0.1,4.2,0.7,0.0,0.5,0.7,0.1,2.1,(2.2),2.8,2.1,2022,3.9391801,10.353935,7.1748347,0,82.864975,0,519.453,263.04807,444.4453,285447970,0.78
Mali,54.1,59,0.43,2205.85,Africa,LI, 21.5 ,0.4,0.5,0.1,0.0,0.0,0.1,1.1,0.3,0.4,0.1,0.1,0.0,0.1,1.0,0.4,0.5,0.4,0.0,0.1,1.4,0.4 ,0.7,0.7,2022,#N/A,#N/A,#N/A,#N/A,#N/A,#N/A,#N/A,#N/A,#N/A,6988448,0.45
Malta,76.8,83,0.92,46805.7,EU-27,HI, 0.4 ,,,,,,,1.2,,,,,,,3.7,,,,,,0.5,(3.3),2.5,8.0,2022,#N/A,#N/A,#N/A,#N/A,#N/A,#N/A,#N/A,#N/A,#N/A,1773628,0.95
Martinique,,,,,Central America/Caribbean,, 0.4 ,,,,,,,2.3,,,,,,,3.5,,,,,,0.5,(3.0),2.3,6.9,2022,#N/A,#N/A,#N/A,#N/A,#N/A,#N/A,#N/A,#N/A,#N/A,#N/A,#N/A
Mauritania,55.8,64,0.56,5927.21,Africa,LM, 4.9 ,0.1,1.4,0.2,0.2,0.3,0.0,2.2,0.4,1.3,0.2,0.4,0.0,0.0,2.3,0.1,2.4,0.0,1.1,0.0,3.7,1.4 ,1.5,0.6,2022,#N/A,#N/A,#N/A,#N/A,#N/A,#N/A,#N/A,#N/A,#N/A,4577614,0.57
Mauritius,68.4,74,0.80,21449.6,Africa,UM, 1.3 ,,,,,,,1.5,,,,,,,2.6,,,,,,0.7,(1.9),1.7,3.9,2022,#N/A,#N/A,#N/A,#N/A,#N/A,#N/A,#N/A,#N/A,#N/A,3928177,0.41
Mexico,70.2,70,0.76,19027.9,North America,UM, 131.6 ,0.3,0.2,0.2,1.1,0.1,0.1,2.0,0.5,0.2,0.3,1.1,0.1,0.1,2.3,0.3,0.2,0.4,0.1,0.1,1.2,(1.1),1.5,1.9,2022,18.240393,2.7225404,53.03444,53.521214,92.70671,27.143528,909.47034,67.836945,1048.4077,465335650,0.81
Mongolia,63.5,71,0.74,11434.7,Asia-Pacific,LM, 3.4 ,0.4,5.3,0.1,2.2,0.0,0.0,8.1,0.6,4.7,0.1,2.2,0.0,0.0,7.7,0.4,6.8,6.2,0.1,0.0,13.5,5.8 ,5.1,0.6,2022,0,0,0,0,0,0,0,0,0,43414760,0.69
Montenegro,68.8,74,0.83,21307.8,Other Europe,UM, 0.6 ,0.0,0.2,1.1,1.6,0.0,0.3,3.3,0.5,0.4,1.1,1.3,0.1,0.3,3.7,0.0,0.3,1.9,0.2,0.3,2.8,(0.8),2.4,1.3,2022,#N/A,#N/A,#N/A,#N/A,#N/A,#N/A,#N/A,#N/A,#N/A,2390512,0.68
Morocco,69.0,74,0.68,7743.86,Africa,LM, 37.8 ,0.2,0.2,0.1,0.7,0.1,0.0,1.3,0.5,0.2,0.1,0.6,0.1,0.0,1.5,0.2,0.2,0.1,0.1,0.0,0.6,(1.0),1.0,2.7,2022,0,0,3.774472,13.963497,0.9130494,0,2.2269576,86.36192,159.81696,69505540,0.65
Mozambique,53.6,59,0.45,1232.25,Africa,LI, 33.1 ,0.2,0.1,0.2,0.1,0.0,0.0,0.6,0.2,0.1,0.2,0.2,0.0,0.0,0.8,0.2,0.6,0.4,0.1,0.0,1.4,0.6 ,0.5,0.6,2022,0,0,0,0,0,0,0,0,0,8357848,0.38
Myanmar,64.3,66,0.59,4090.4,Asia-Pacific,LI, 55.2 ,0.5,0.0,0.3,0.2,0.1,0.1,1.2,0.4,0.0,0.3,0.2,0.0,0.1,1.1,0.5,0.0,0.5,0.3,0.1,1.4,0.2 ,0.7,0.8,2022,0,0,0,0,0,0,0,0,0,29532672,0.32
Namibia,62.7,59,0.62,8948.86,Africa,UM, 2.6 ,0.1,1.2,0.3,0.5,1.5,0.0,3.6,0.3,0.8,0.3,0.9,0.0,0.0,2.4,0.1,1.4,0.3,4.2,0.0,6.1,3.7 ,1.6,0.4,2022,#N/A,#N/A,#N/A,#N/A,#N/A,#N/A,#N/A,#N/A,#N/A,4084847,0.54
Nepal,66.2,68,0.60,3921.46,Asia-Pacific,LI, 30.2 ,0.2,0.0,0.2,0.2,0.0,0.1,0.7,0.3,0.1,0.2,0.3,0.0,0.1,0.9,0.2,0.0,0.1,0.0,0.1,0.4,(0.5),0.6,2.3,2022,#N/A,#N/A,#N/A,#N/A,#N/A,#N/A,#N/A,#N/A,#N/A,16088978,0.21
Netherlands,79.9,81,0.94,58732.4,EU-27,HI, 17.2 ,,,,,,,3.4,,,,,,,6.0,,,,,,1.1,(4.9),4.0,5.4,2022,31.237806,11.877506,44.526688,55.794765,0.1303514,10.398248,275.3611,64.333336,461.5315,127241000,0.93
New Zealand,78.3,82,0.94,43177.6,Asia-Pacific,HI, 4.9 ,,,,,,,11.3,,,,,,,5.4,,,,,,8.4,3.0 ,3.6,0.6,2022,23.520582,0.04790222,0.7321183,7.470776,68.50561,0,36.21647,12.746311,82.971375,31610088,0.87
Nicaragua,67.1,74,0.67,6056.39,Central America/Caribbean,LM, 6.8 ,0.6,0.5,0.3,0.2,0.1,0.1,1.9,0.5,0.2,0.4,0.4,0.0,0.1,1.5,0.6,0.5,0.7,0.4,0.1,2.3,0.8 ,1.0,0.6,2022,#N/A,#N/A,#N/A,#N/A,#N/A,#N/A,#N/A,#N/A,#N/A,5296130,0.6
Niger,52.2,62,0.40,1228.85,Africa,LI, 26.1 ,0.7,0.3,0.2,0.0,0.0,0.0,1.3,0.7,0.3,0.2,0.1,0.0,0.0,1.4,0.7,0.3,0.0,0.0,0.0,1.1,(0.3),0.9,1.3,2022,#N/A,#N/A,#N/A,#N/A,#N/A,#N/A,#N/A,#N/A,#N/A,2697386,0.17
Nigeria,54.2,53,0.54,5012.79,Africa,LM, 216.7 ,0.3,0.1,0.1,0.2,0.0,0.0,0.7,0.3,0.1,0.2,0.2,0.0,0.0,0.8,0.3,0.1,0.0,0.0,0.0,0.4,(0.4),0.5,1.8,2022,0,0,0,0,0,0,0,0,0,131568220,0.54
Norway,82.3,83,0.96,66642.9,Other Europe,HI, 5.5 ,0.2,0.1,1.4,2.9,4.0,0.1,8.8,0.9,0.1,0.8,2.6,0.9,0.1,5.4,0.2,0.1,3.4,2.9,0.1,6.7,1.3 ,3.6,0.8,2022,0.76011807,3.9918683,0.78131855,38.61064,332.69702,0,39.266758,9.365546,107.24007,40808000,0.84
Oman,69.2,73,0.82,30222.3,Middle East/Central Asia,HI, 5.3 ,0.1,0.0,0.0,5.7,1.0,0.5,7.3,0.7,0.3,0.1,4.9,0.8,0.5,7.3,0.1,0.0,0.0,1.2,0.5,1.8,(5.5),4.8,4.0,2022,0,0,3.7621737,0.30011502,0,0,285.32648,1.4077659,126.108864,76605830,0.88
Pakistan,59.3,66,0.54,5541.58,Asia-Pacific,LM, 229.5 ,0.3,0.0,0.1,0.3,0.0,0.0,0.7,0.3,0.0,0.1,0.3,0.0,0.0,0.7,0.3,0.0,0.0,0.0,0.0,0.4,(0.4),0.5,2.0,2022,3.0801048,0,2.2044942,12.101586,89.94377,55.664906,382.02283,178.54613,275.1417,223834350,0.38
Panama,64.0,76,0.81,30906.8,Central America/Caribbean,UM, 4.4 ,0.3,0.4,0.1,0.8,0.6,0.1,2.3,0.6,0.4,0.2,0.8,0.4,0.1,2.3,0.3,0.4,1.3,0.5,0.1,2.6,0.3 ,1.5,0.9,2022,#N/A,#N/A,#N/A,#N/A,#N/A,#N/A,#N/A,#N/A,#N/A,11355507,0.69
Papua New Guinea,53.6,65,0.56,3682.07,Asia-Pacific,LM, 9.3 ,0.2,0.0,0.5,0.2,0.5,0.2,1.6,0.2,0.0,0.3,0.2,0.2,0.2,1.2,0.2,0.0,2.0,0.5,0.2,2.9,1.7 ,0.8,0.4,2022,0,0,0,0,0,0,0,0,0,8200596,0.14
Paraguay,67.4,70,0.72,12359.1,South America,LM, 7.3 ,1.9,1.9,0.8,0.4,0.0,0.1,5.2,0.7,0.8,0.9,0.7,0.0,0.1,3.2,1.9,2.3,5.3,0.1,0.1,9.6,6.5 ,2.1,0.3,2022,#N/A,#N/A,#N/A,#N/A,#N/A,#N/A,#N/A,#N/A,#N/A,8107423,0.63
Peru,71.9,72,0.76,12877.9,South America,UM, 33.7 ,0.5,0.5,0.1,0.5,0.5,0.1,2.1,0.6,0.5,0.1,0.5,0.4,0.1,2.2,0.5,0.5,2.4,0.2,0.1,3.5,1.3 ,1.5,0.6,2022,1.534366,4.5963345,2.3703094,5.0366435,77.546104,0,98.25809,8.424297,140.1973,54792984,0.79
Philippines,66.6,69,0.70,8767.67,Asia-Pacific,LM, 112.5 ,0.2,0.0,0.1,0.4,0.2,0.1,0.9,0.3,0.0,0.1,0.5,0.2,0.1,1.2,0.2,0.0,0.1,0.1,0.1,0.4,(0.8),0.8,2.9,2022,30.300526,6.3182282,4.766792,2.7446687,26.405092,0,30.803785,221.84573,247.80963,144897800,0.48
Poland,80.5,76,0.88,35703.1,EU-27,HI, 37.7 ,1.0,0.1,0.7,2.6,0.0,0.1,4.5,1.0,0.0,0.8,2.6,0.1,0.1,4.6,1.0,0.1,0.7,0.1,0.1,2.0,(2.6),3.1,2.3,2022,24.360298,13.038828,21.664429,51.56792,5.1313286,0,186.04639,495.63303,389.426,315042270,0.6
Portugal,79.2,81,0.87,34949.8,EU-27,HI, 10.1 ,0.3,0.2,0.8,1.2,0.2,0.1,2.9,0.8,0.4,0.4,1.6,0.4,0.1,3.7,0.3,0.2,0.8,0.1,0.1,1.5,(2.2),2.5,2.5,2022,13.617387,3.2730813,9.174507,34.528893,17.071518,0,55.888794,0.08141,129.03947,40687052,0.67
Qatar,66.8,79,0.86,96604.6,Middle East/Central Asia,HI, 3.0 ,0.0,0.0,0.0,13.2,0.1,0.1,13.4,0.7,0.3,0.2,11.6,0.2,0.1,13.1,0.0,0.0,0.0,0.9,0.1,1.0,(12.1),8.7,12.6,2022,0.42899388,0,0.70733553,0,0,0,403.33508,0.11497805,162.08185,106151890,0.99
Republic of Moldova,73.9,69,0.77,14320.2,Other Europe,LM, 4.0 ,,,,,,,2.0,,,,,,,1.5,,,,,,1.0,(0.5),1.0,1.5,2022,#N/A,#N/A,#N/A,#N/A,#N/A,#N/A,#N/A,#N/A,#N/A,#N/A,#N/A
Republic of North Macedonia,72.3,75,0.77,16895.8,Other Europe,UM, 2.1 ,0.5,0.2,0.2,1.2,0.0,0.0,2.1,0.7,0.3,0.3,1.5,0.0,0.0,2.8,0.5,0.3,0.7,0.0,0.0,1.6,(1.3),1.9,1.8,2022,#N/A,#N/A,#N/A,#N/A,#N/A,#N/A,#N/A,#N/A,#N/A,#N/A,#N/A
Réunion,,,,,Africa,, 0.9 ,,,,,,,1.8,,,,,,,3.5,,,,,,0.1,(3.4),2.3,28.2,2022,#N/A,#N/A,#N/A,#N/A,#N/A,#N/A,#N/A,#N/A,#N/A,#N/A,#N/A
Romania,77.7,73,0.82,31366.8,EU-27,UM, 19.0 ,0.9,0.1,0.5,1.3,0.0,0.1,2.9,0.6,0.1,0.5,1.4,0.0,0.1,2.7,0.9,0.2,1.1,0.1,0.1,2.5,(0.3),1.8,1.1,2022,2.0653815,4.899902,5.1840763,18.24212,36.43895,27.742414,97.11343,42.03632,126.40659,72992770,0.54
Russia,74.1,69,0.82,25706.2,Other Europe,UM, 145.8 ,1.9,0.0,1.0,3.8,0.3,0.0,7.1,1.2,0.1,0.7,3.6,0.2,0.0,5.8,1.9,0.3,4.2,1.2,0.0,7.7,1.9 ,3.8,0.8,2022,2.377581,3.837444,6.253577,10.9527025,515.3433,559.64996,4484.05,1067.0929,1982.6267,1802190000,0.75
Rwanda,59.4,66,0.53,2404.69,Africa,LI, 13.6 ,0.2,0.0,0.2,0.0,0.0,0.0,0.5,0.2,0.0,0.2,0.1,0.0,0.0,0.6,0.2,0.0,0.0,0.0,0.0,0.2,(0.3),0.4,2.3,2022,#N/A,#N/A,#N/A,#N/A,#N/A,#N/A,#N/A,#N/A,#N/A,1540754,0.18
Saint Lucia,,71,0.72,14140.1,Central America/Caribbean,UM, 0.2 ,0.1,0.0,0.0,0.6,0.1,0.0,0.9,0.5,0.1,0.1,0.9,0.2,0.0,1.7,0.1,0.0,0.1,0.1,0.0,0.4,(1.3),1.1,4.5,2022,#N/A,#N/A,#N/A,#N/A,#N/A,#N/A,#N/A,#N/A,#N/A,490229,0.19
Saint Vincent and Grenadines,,70,0.75,13280.4,Central America/Caribbean,UM, 0.1 ,,,,,,,0.9,,,,,,,1.8,,,,,,1.2,(0.7),1.2,1.6,2022,#N/A,#N/A,#N/A,#N/A,#N/A,#N/A,#N/A,#N/A,#N/A,#N/A,#N/A
Samoa,0.0,73,0.71,5083.66,Asia-Pacific,LM, 0.2 ,,,,,,,1.6,,,,,,,2.5,,,,,,1.7,(0.8),1.6,1.5,2022,#N/A,#N/A,#N/A,#N/A,#N/A,#N/A,#N/A,#N/A,#N/A,251365,0.18
Sao Tome and Principe,59.4,68,0.62,4009.68,Africa,LM, 0.2 ,,,,,,,1.0,,,,,,,1.1,,,,,,0.7,(0.4),0.7,1.5,2022,#N/A,#N/A,#N/A,#N/A,#N/A,#N/A,#N/A,#N/A,#N/A,159855,0.76
Saudi Arabia,66.6,77,0.88,47422.7,Middle East/Central Asia,HI, 35.8 ,0.4,0.1,0.0,5.0,0.0,0.0,5.5,0.8,0.2,0.2,4.5,0.1,0.0,5.7,0.4,0.1,0.0,0.1,0.0,0.7,(5.0),3.8,8.2,2022,0,0,2.1674714,3.7803454,0,0,1167.4989,1.2508405,1976.0636,723331400,0.85
Senegal,58.7,67,0.51,3505.27,Africa,LM, 17.7 ,0.3,0.1,0.2,0.2,0.4,0.0,1.2,0.5,0.2,0.2,0.2,0.1,0.0,1.2,0.3,0.1,0.3,0.1,0.0,1.0,(0.2),0.8,1.2,2022,#N/A,#N/A,#N/A,#N/A,#N/A,#N/A,#N/A,#N/A,#N/A,12274718,0.49
Serbia,75.9,73,0.80,20473.7,Other Europe,UM, 8.7 ,1.3,0.0,0.5,2.2,0.0,0.1,4.2,1.0,0.1,0.6,2.0,0.0,0.1,3.8,1.3,0.0,0.6,0.0,0.1,2.1,(1.8),2.5,1.9,2022,0,0,0,0,0,0,0,0,0,43516788,0.57
Sierra Leone,53.0,60,0.48,1676.67,Africa,LI, 8.3 ,0.4,0.1,0.3,0.0,0.1,0.0,0.9,0.5,0.1,0.3,0.1,0.1,0.0,1.0,0.4,0.2,0.1,0.2,0.0,0.9,(0.1),0.7,1.1,2022,#N/A,#N/A,#N/A,#N/A,#N/A,#N/A,#N/A,#N/A,#N/A,1277560,0.44
Singapore,71.7,83,0.94,112699,Asia-Pacific,HI, 5.9 ,0.0,0.0,0.0,2.9,0.0,0.1,3.0,0.6,0.3,0.0,4.4,0.4,0.1,5.7,0.0,0.0,0.0,0.0,0.1,0.1,(5.6),3.8,55.1,2022,3.0942209,0,1.7395859,0,0,0,130.59363,4.822961,741.596,47872730,1
Slovakia,78.7,75,0.85,33078.6,EU-27,HI, 5.5 ,0.9,0.1,0.9,2.1,0.0,0.1,4.1,0.8,0.2,0.6,2.4,0.0,0.1,4.2,0.9,0.1,1.5,0.0,0.1,2.7,(1.5),2.8,1.6,2022,4.7563844,1.9585556,1.6946378,0.010428527,9.589042,39.828594,44.09871,27.929153,50.027363,31550242,0.54
Slovenia,,81,0.92,41569.6,EU-27,HI, 2.1 ,0.4,0.2,1.1,2.0,0.0,0.1,3.7,0.7,0.2,1.3,2.4,0.1,0.1,4.8,0.4,0.2,1.9,0.0,0.1,2.5,(2.3),3.2,1.9,2022,0.8692725,0.91324997,1.6831322,0.0149415,8.208582,14.023837,7.9449115,8.716149,28.227676,12701291,0.56
Solomon Islands,0.0,70,0.56,2042.9,Asia-Pacific,LI, 0.7 ,,,,,,,5.8,,,,,,,1.7,,,,,,3.3,1.7 ,1.1,0.5,2022,#N/A,#N/A,#N/A,#N/A,#N/A,#N/A,#N/A,#N/A,#N/A,296385,0.26
Somalia,45.6,55, ,1132.26,Africa,LI, 16.8 ,0.1,0.3,0.4,0.0,0.0,0.0,0.8,0.2,0.3,0.4,0.0,0.0,0.0,0.9,0.1,0.3,0.1,0.2,0.0,0.7,(0.2),0.6,1.3,2022,#N/A,#N/A,#N/A,#N/A,#N/A,#N/A,#N/A,#N/A,#N/A,560329,0.47
South Africa,63.7,62,0.71,13157,Africa,UM, 60.8 ,0.5,0.1,0.3,2.3,0.1,0.1,3.4,0.6,0.1,0.2,2.2,0.1,0.1,3.2,0.5,0.5,0.0,0.2,0.1,1.3,(1.9),2.1,2.5,2022,1.3078461,0.69290274,16.164234,25.289207,8.082117,25.268139,42.7015,938.5394,295.21988,405311740,0.68
South Sudan,39.0,55,0.39,794.443,Africa,LM, 11.6 ,0.3,1.1,0.2,0.1,0.0,0.0,1.6,0.3,1.1,0.2,0.1,0.0,0.0,1.7,0.3,1.1,0.4,0.0,0.0,1.8,0.1 ,1.1,0.9,2022,0,0,0,0,0,0,0,0,0,1588152,0.21
Spain,79.9,83,0.91,39753,EU-27,HI, 46.7 ,1.1,0.1,0.2,1.6,0.5,0.1,3.6,1.2,0.2,0.2,1.8,0.5,0.1,3.9,1.1,0.1,0.4,0.1,0.1,1.7,(2.2),2.6,2.3,2022,21.55222,21.762802,93.134674,163.68634,45.859497,146.58022,329.74158,43.426697,725.28674,234657020,0.81
Sudan,49.6,65,0.51,3804.17,Africa,LM, 46.0 ,0.4,0.5,0.1,0.1,0.0,0.0,1.2,0.3,0.5,0.1,0.2,0.0,0.0,1.1,0.4,0.5,0.2,0.0,0.0,1.1,(0.0),0.8,1.0,2022,0,0,0,0,0,0,0,0,0,20240120,0.36
Suriname,71.6,70,0.73,14817.7,South America,UM, 0.6 ,0.3,0.0,1.3,1.2,0.1,0.1,2.9,0.3,0.0,0.9,1.7,0.1,0.1,3.1,0.3,0.0,67.9,6.5,0.1,74.8,71.7 ,2.1,0.0,2022,#N/A,#N/A,#N/A,#N/A,#N/A,#N/A,#N/A,#N/A,#N/A,2639782,0.66
Sweden,85.2,83,0.95,53896.5,EU-27,HI, 10.2 ,0.7,0.1,4.8,1.1,0.0,0.2,7.0,1.0,0.3,1.3,2.1,0.1,0.2,4.9,0.7,0.1,5.5,2.0,0.2,8.5,3.6 ,3.3,0.6,2022,41.83384,17.426626,5.117805,86.19179,181.99886,129.95445,7.99775,18.44726,132.72533,37474410,0.88
Switzerland,80.8,84,0.96,,Other Europe,HI, 8.8 ,0.2,0.1,0.3,1.3,0.0,0.2,2.1,0.6,0.2,0.3,2.4,0.0,0.2,3.7,0.2,0.1,0.6,0.0,0.2,1.1,(2.6),2.5,3.3,2022,6.419523,1.8194292,10.058326,0.39107028,77.08028,57.82401,29.644444,1.0694444,105.80311,32818890,0.74
Syrian Arab Republic,57.4,72,0.58,,Middle East/Central Asia,LM, 19.4 ,0.4,0.1,0.0,0.4,0.0,0.0,0.9,0.4,0.1,0.0,0.5,0.0,0.0,1.0,0.4,0.1,0.0,0.0,0.0,0.6,(0.4),0.7,1.7,2022,#N/A,#N/A,#N/A,#N/A,#N/A,#N/A,#N/A,#N/A,#N/A,#N/A,#N/A
Tajikistan,69.7,72,0.69,3965.55,Middle East/Central Asia,LI, 10.0 ,0.2,0.1,0.1,0.4,0.0,0.1,0.9,0.3,0.1,0.2,0.3,0.0,0.1,1.1,0.2,0.1,0.0,0.0,0.1,0.4,(0.6),0.7,2.4,2022,#N/A,#N/A,#N/A,#N/A,#N/A,#N/A,#N/A,#N/A,#N/A,8965943,0.28
"Tanzania, United Republic of",57.4,66,0.55,2876.39,Africa,LI, 63.3 ,0.3,0.2,0.2,0.1,0.1,0.0,1.0,0.3,0.2,0.2,0.1,0.1,0.0,0.9,0.3,0.2,0.1,0.0,0.0,0.8,(0.1),0.6,1.2,2022,#N/A,#N/A,#N/A,#N/A,#N/A,#N/A,#N/A,#N/A,#N/A,#N/A,#N/A
Thailand,,79,0.80,18035.7,Asia-Pacific,UM, 70.1 ,0.6,0.0,0.2,1.2,0.1,0.1,2.3,0.5,0.0,0.2,1.4,0.2,0.1,2.3,0.6,0.0,0.2,0.2,0.1,1.1,(1.2),1.6,2.1,2022,44.249596,21.13764,13.103459,7.790118,17.204016,0,443.1806,197.67899,643.54895,272573380,0.53
Timor-Leste,0.0,68,0.61,2860.04,Asia-Pacific,LM, 1.4 ,0.2,0.1,0.0,0.1,0.0,0.0,0.4,0.3,0.1,0.0,0.1,0.1,0.0,0.6,0.2,0.1,0.5,0.8,0.0,1.6,1.0 ,0.4,0.4,2022,#N/A,#N/A,#N/A,#N/A,#N/A,#N/A,#N/A,#N/A,#N/A,#N/A,#N/A
Togo,,62,0.54,2226.17,Africa,LI, 8.7 ,0.3,0.1,0.2,0.1,0.0,0.0,0.7,0.3,0.1,0.2,0.2,0.1,0.0,0.9,0.3,0.1,0.1,0.0,0.0,0.6,(0.3),0.6,1.6,2022,#N/A,#N/A,#N/A,#N/A,#N/A,#N/A,#N/A,#N/A,#N/A,2682336,0.44
Tonga,0.0,71,0.75,5809.77,Asia-Pacific,LM, 0.1 ,,,,,,,1.6,,,,,,,3.1,,,,,,1.3,(1.8),2.0,2.5,2022,#N/A,#N/A,#N/A,#N/A,#N/A,#N/A,#N/A,#N/A,#N/A,195089,0.23
Trinidad and Tobago,60.4,73,0.81,25595.8,Central America/Caribbean,HI, 1.4 ,0.0,0.0,0.1,5.7,0.1,0.0,5.9,0.4,0.2,0.2,4.5,0.1,0.0,5.4,0.0,0.0,0.1,1.2,0.0,1.4,(4.0),3.6,3.9,2022,0,0,0.016237222,7.03928E-05,0,0,154.70047,0,18.339703,36305908,0.53
Tunisia,70.7,74,0.73,10534.7,Africa,UM, 12.0 ,0.4,0.1,0.1,0.8,0.1,0.0,1.4,0.1,0.1,0.2,0.9,0.1,0.0,1.4,0.4,0.1,0.0,0.2,0.0,0.7,(0.6),0.9,1.9,2022,0,0,0,0,0,0,0,0,0,31947590,0.7
Turkey,70.4,76,0.84,32108.8,Middle East/Central Asia,UM, 85.6 ,0.8,0.1,0.2,1.8,0.0,0.0,2.9,0.9,0.1,0.3,1.9,0.0,0.0,3.4,0.8,0.1,0.5,0.0,0.0,1.5,(1.9),2.2,2.3,2022,53.636185,1.5650191,44.02817,91.10749,174.16312,0,512.46356,488.70154,606.453,437305340,0.77
Turkmenistan,66.1,69,0.75,16150.9,Middle East/Central Asia,LM, 6.2 ,0.4,0.5,0.0,3.0,0.0,0.0,3.9,0.4,0.5,0.0,2.9,0.0,0.0,3.9,0.4,1.6,0.0,0.1,0.0,2.2,(1.7),2.6,1.8,2022,0,0,0.018145666,0,0.008212472,0,375.36435,0,77.41823,64154412,0.53
Uganda,54.9,63,0.53,,Africa,LI, 48.4 ,0.3,0.1,0.4,0.0,0.1,0.0,1.0,0.3,0.1,0.4,0.1,0.1,0.0,1.0,0.3,0.1,0.0,0.0,0.0,0.5,(0.5),0.6,2.0,2022,#N/A,#N/A,#N/A,#N/A,#N/A,#N/A,#N/A,#N/A,#N/A,5637932,0.26
Ukraine,75.7,70,0.77,,Other Europe,LM, 43.2 ,,,,,,,3.6,,,,,,,2.0,,,,,,3.1,1.1 ,1.3,0.7,2022,2.4774697,0.5531586,13.556762,4.0467944,28.926935,155.28139,182.65732,151.26965,107.29503,141126370,0.7
United Arab Emirates,68.8,79,0.91,67025.8,Middle East/Central Asia,HI, 10.1 ,0.0,0.0,0.0,7.0,0.1,0.0,7.1,0.8,0.6,0.6,6.5,0.3,0.0,8.7,0.0,0.0,0.1,0.5,0.0,0.5,(8.2),5.8,16.0,2022,0.040851943,0,20.187973,0.000117321,0,50.297695,661.47626,27.89314,595.79803,225977250,0.88
United Kingdom,80.6,81,0.93,47365.5,Other Europe,HI, 68.5 ,0.4,0.1,0.1,1.7,0.1,0.1,2.4,0.7,0.2,0.4,2.1,0.1,0.1,3.6,0.4,0.1,0.2,0.3,0.1,1.0,(2.5),2.4,3.5,2022,114.38083,23.016083,34.63031,209.24133,14.704501,119.393456,708.97003,58.387135,736.12146,313834780,0.84
United States of America,74.6,76,0.92,65117.5,North America,HI, 334.8 ,1.7,0.2,0.8,4.6,0.1,0.1,7.5,1.3,0.3,0.8,4.8,0.1,0.1,7.5,1.7,0.2,1.4,0.3,0.1,3.7,(3.7),4.9,2.0,2022,216.58054,437.59344,540.0693,1143.7089,655.10394,2031.8195,8795.866,2752.9753,9930.587,5078871000,0.83
Uruguay,,75,0.81,22836.6,South America,UM, 3.5 ,1.1,4.2,3.4,0.7,0.2,0.1,9.6,0.3,0.6,0.4,0.7,0.0,0.1,2.2,1.1,4.9,1.3,2.2,0.1,9.6,7.4 ,1.4,0.2,2022,#N/A,#N/A,#N/A,#N/A,#N/A,#N/A,#N/A,#N/A,#N/A,7819847,0.96
Uzbekistan,69.9,71,0.73,,Middle East/Central Asia,LM, 34.4 ,0.4,0.2,0.0,1.2,0.0,0.1,1.8,0.5,0.2,0.1,1.2,0.0,0.1,2.1,0.4,0.2,0.1,0.0,0.1,0.7,(1.4),1.4,2.9,2022,0,0,0.47976747,0,13.8517065,0,483.3084,29.677433,61.494442,125038820,0.5
Vanuatu,0.0,70,0.61,2441.54,Asia-Pacific,LM, 0.3 ,,,,,,,4.5,,,,,,,1.8,,,,,,1.8,0.0 ,1.2,1.0,2022,#N/A,#N/A,#N/A,#N/A,#N/A,#N/A,#N/A,#N/A,#N/A,221351,0.26
"Venezuela, Bolivarian Republic of",60.3,71,0.69,,South America,UM, 29.3 ,0.2,0.6,0.1,1.1,0.1,0.0,2.1,0.3,0.6,0.1,0.9,0.1,0.0,2.1,0.2,0.6,1.8,0.3,0.0,2.9,0.8 ,1.4,0.7,2022,#N/A,#N/A,#N/A,#N/A,#N/A,#N/A,#N/A,#N/A,#N/A,#N/A,#N/A
Viet Nam,72.8,74,0.70,11032.4,Asia-Pacific,LM, 99.0 ,0.4,0.0,0.3,1.3,0.1,0.1,2.2,0.5,0.0,0.4,1.3,0.1,0.1,2.4,0.4,0.0,0.2,0.1,0.1,0.8,(1.6),1.6,3.1,2022,#N/A,#N/A,#N/A,#N/A,#N/A,#N/A,#N/A,#N/A,#N/A,#N/A,#N/A
Yemen,52.1,64,0.46,1779.53,Middle East/Central Asia,LM, 31.2 ,0.1,0.1,0.0,0.1,0.1,0.0,0.4,0.3,0.1,0.0,0.2,0.1,0.0,0.6,0.1,0.1,0.0,0.1,0.0,0.3,(0.3),0.4,1.8,2022,0,0,0,0,0,0,0,0,0,10296142,0.39
Zambia,,,,,Africa,LM, 19.5 ,0.3,0.1,0.5,0.2,0.0,0.1,1.2,0.3,0.1,0.5,0.2,0.0,0.1,1.2,0.3,0.7,0.6,0.0,0.1,1.7,0.4 ,0.8,0.7,2022,0,0,0,0,0,0,0,0,0,7521782,0.46
Zimbabwe,,,,,Africa,LI, 15.3 ,0.2,0.3,0.2,0.2,0.0,0.0,0.9,0.3,0.3,0.3,0.3,0.0,0.0,1.1,0.2,0.3,0.1,0.0,0.0,0.6,(0.5),0.7,1.7,2022,0,0,0,0,0,0,0,0,0,10424940,0.32
,,,,,,,,,,,,,,,,,,,,,,,,,,,,,,,,,,,,,,,,,,
